"","datetime","record","BattV","PTemp_C","Ta_2m","Huma_2m","Ta_10m","Huma_10m","rad_sw_in","rad_sw_out","rad_lw_in","rad_lw_out","CNR4TC","CNR4TK","RsNet","RlNet","Albedo","rad_net","LUpCo","LDnCo","water_vol_soil","EC","Ts","P","PA","VR","heatflux_soil","Windspeed_2m","Wind_direction_3m","WSDiag_1","Windspeed_10m","Wind_direction_10m","WSDiag_2","PCP"
"58329","2018-08-19 00:00:00",1315,13.19,14.67,13.78,72.27,14.61,66.69,0.25,0.752,-7.275,1.543,13.64,286.8,-0.501,-8.82,"0.652",-9.32,376.3,385.1,0.034,0.004,16.92,3.165,1.194,1.005,"0.4793092",0.276,29.6,0,"0.231",32.23,0,"0.0"
"58330","2018-08-19 00:05:00",1316,13.19,14.64,14.04,71.35,14.56,66.96,1.046,1.428,-7.865,1.729,13.71,286.9,-0.382,-9.59,"1.384",-9.98,376.1,385.7,0.034,0.004,16.92,3.164,1.194,1.005,"0.4268043",0.3,352.2,0,"0.351",18.04,0,"0.0"
"58331","2018-08-19 00:10:00",1317,13.18,14.63,13.77,73.64,14.53,67.34,-0.614,0,-8.99,-1.517,13.72,286.9,-0.614,-7.475,"-0.321",-8.09,375,382.5,0.034,0.004,16.9,3.165,1.194,1.005,"0.3748644",0.286,324.3,0,"0.351",12.09,0,"0.0"
"58332","2018-08-19 00:15:00",1318,13.18,14.6,13.53,74.97,14.47,67.46,-1.092,-0.251,-8.94,-1.117,13.63,286.8,-0.841,-7.823,"0.231",-8.66,374.6,382.4,0.034,0.004,16.89,3.166,1.194,1.005,"0.3302639",0.139,0,0,"0.211",360,0,"0.0"
"58333","2018-08-19 00:20:00",1319,13.18,14.56,13.37,77,14.42,67.73,-0.978,-0.301,-8.53,-1.011,13.54,286.7,-0.677,-7.52,"0.281",-8.2,374.5,382,0.034,0.004,16.88,3.166,1.194,1.005,"0.2901799",0.249,321.6,0,"0.303",5.597,0,"0.0"
"58334","2018-08-19 00:25:00",1320,13.18,14.52,13.14,77.03,14.38,68.01,-1.137,-0.426,-8.76,-0.958,13.42,286.6,-0.711,-7.803,"0.374",-8.51,373.7,381.5,0.034,0.004,16.87,3.165,1.194,1.005,"0.2331596",0.156,0,0,"0.196",8.4,0,"0.0"
"58335","2018-08-19 00:30:00",1321,13.17,14.46,13.09,76.95,14.27,68.41,-0.864,-0.15,-8.17,-0.506,13.35,286.5,-0.714,-7.666,"0.123",-8.38,373.8,381.5,0.034,0.004,16.87,3.165,1.194,1.005,"0.1772687",0.115,0,0,"0.22",340.1,0,"0.0"
"58336","2018-08-19 00:35:00",1322,13.18,14.41,13.16,76.65,14.22,68.73,-0.364,0.251,-7.608,-0.319,13.29,286.4,-0.615,-7.289,"NULL",-7.904,374.1,381.4,0.034,0.004,16.86,3.165,1.194,1.005,"0.133798",0.226,320.3,0,"0.375",333.6,0,"0.0"
"58337","2018-08-19 00:40:00",1323,13.18,14.35,12.97,76.99,14.14,69.23,-0.91,-0.276,-8.4,-0.878,13.21,286.4,-0.634,-7.525,"0.308",-8.16,372.9,380.4,0.034,0.004,16.84,3.165,1.194,1.005,"0.08073039",0.253,353.9,0,"0.336",334.2,0,"0.0"
"58338","2018-08-19 00:45:00",1324,13.17,14.3,13.06,77.26,14.1,69.44,-0.114,0.501,-7.532,0.399,13.18,286.3,-0.615,-7.931,"NULL",-8.55,373.6,381.5,0.034,0.004,16.84,3.166,1.194,1.005,"0.05024479",0.368,331.1,0,"0.324",358.7,0,"0.0"
"58339","2018-08-19 00:50:00",1325,13.17,14.24,13.47,74.7,14.12,69.45,0.705,1.629,-7.583,1.783,13.23,286.4,-0.923,-9.37,"2.322",-10.29,373.8,383.2,0.034,0.004,16.84,3.165,1.194,1.005,"0.007903674",0.338,351.1,0,"0.288",23,0,"0.0"
"58340","2018-08-19 00:55:00",1326,13.17,14.2,13.62,74.42,14.11,69.7,0.432,1.328,-8.53,0.346,13.32,286.5,-0.896,-8.88,"3.47",-9.77,373.3,382.2,0.034,0.004,16.84,3.164,1.194,1.006,"-0.03330844",0.481,299.1,0,"0.368",336.2,0,"0.0"
"58341","2018-08-19 01:00:00",1327,13.17,14.17,13.65,73.09,14.04,70.12,0.5,1.153,-9.32,1.144,13.4,286.6,-0.652,-10.47,"2.607",-11.12,373,383.4,0.034,0.004,16.82,3.166,1.194,1.005,"-0.07282713",0.382,288.5,0,"0.322",310,0,"0.0"
"58342","2018-08-19 01:05:00",1328,13.16,14.14,13.68,73.79,13.94,70.65,-0.068,0.827,-10.25,0.506,13.41,286.6,-0.895,-10.75,"NULL",-11.65,372.1,382.8,0.034,0.004,16.82,3.165,1.194,1.005,"-0.121379",0.212,300,0,"0.199",0,0,"0.0"
"58343","2018-08-19 01:10:00",1329,13.16,14.12,13.31,77.03,13.83,71.23,-1.115,-0.326,-10.66,-1.57,13.38,286.5,-0.789,-9.09,"0.209",-9.88,371.5,380.6,0.034,0.004,16.81,3.165,1.194,1.005,"-0.1665439",0.269,293.2,0,"0.213",22.02,0,"0.0"
"58344","2018-08-19 01:15:00",1330,13.16,14.1,13.08,76.99,13.74,71.74,-1.137,-0.251,-10.73,-1.224,13.26,286.4,-0.887,-9.51,"0.22",-10.4,370.8,380.3,0.034,0.004,16.8,3.165,1.194,1.005,"-0.2173543",0.171,0,0,"0.198",0,0,"0.0"
"58345","2018-08-19 01:20:00",1331,13.16,14.05,12.87,78.25,13.55,72.63,-1.388,-0.401,-10.58,-1.41,13.14,286.3,-0.987,-9.17,"0.282",-10.16,370.3,379.5,0.034,0.004,16.79,3.165,1.194,1.005,"-0.2393722",0.315,336.3,0,"0.284",351.4,0,"0.0"
"58346","2018-08-19 01:25:00",1332,13.16,14,12.94,77.02,13.48,72.92,-0.341,0.551,-9.4,0.612,13.07,286.2,-0.892,-10.01,"NULL",-10.91,371.1,381.1,0.034,0.004,16.78,3.164,1.194,1.006,"-0.2913115",0.371,349,0,"0.315",10.04,0,"0.0"
"58347","2018-08-19 01:30:00",1333,13.16,13.95,13.21,75.79,13.52,72.73,0.227,1.253,-9.17,0.931,13.09,286.2,-1.025,-10.1,"5.507",-11.13,371.4,381.5,0.034,0.004,16.78,3.164,1.194,1.006,"-0.3370407",0.317,354.4,0,"0.325",352.7,0,"0.0"
"58348","2018-08-19 01:35:00",1334,13.15,13.91,13.27,76.19,13.55,72.62,-0.045,0.827,-9.45,-0.319,13.12,286.3,-0.872,-9.13,"NULL",-10.01,371.3,380.4,0.034,0.004,16.77,3.165,1.194,1.005,"-0.3714788",0.218,0,0,"0.253",345.6,0,"0.0"
"58349","2018-08-19 01:40:00",1335,13.15,13.88,13.16,76.28,13.52,72.78,-0.182,0.601,-9.4,0.08,13.1,286.3,-0.783,-9.48,"NULL",-10.26,371.3,380.8,0.034,0.004,16.76,3.165,1.194,1.005,"-0.417773",0.39,306.2,0,"0.307",354.4,0,"0.0"
"58350","2018-08-19 01:45:00",1336,13.15,13.84,13.21,76.08,13.49,73.12,-0.25,0.651,-9.66,0.027,13.1,286.2,-0.902,-9.68,"NULL",-10.59,371,380.7,0.034,0.004,16.75,3.165,1.194,1.005,"-0.4516475",0.291,287,0,"0.308",345.6,0,"0.0"
"58351","2018-08-19 01:50:00",1337,13.15,13.82,13.23,76.17,13.5,73.31,-0.068,0.852,-9.53,0.585,13.09,286.2,-0.92,-10.12,"NULL",-11.04,371.1,381.2,0.034,0.004,16.74,3.165,1.194,1.005,"-0.4911677",0.283,331.6,0,"0.214",8.64,0,"0.0"
"58352","2018-08-19 01:55:00",1338,13.15,13.79,13.3,75.97,13.48,73.33,-0.068,1.027,-9.97,0.772,13.15,286.3,-1.095,-10.74,"NULL",-11.83,371,381.7,0.034,0.004,16.74,3.164,1.194,1.005,"-0.5352038",0.287,316.7,0,"0.287",342.2,0,"0.0"
"58353","2018-08-19 02:00:00",1339,13.15,13.77,13.24,76.8,13.41,73.79,-0.569,0.376,-10.55,-0.452,13.13,286.3,-0.945,-10.1,"-1.028",-11.05,370.3,380.4,0.034,0.004,16.74,3.166,1.194,1.005,"-0.575287",0.205,273,0,"0.232",323,0,"0.0"
"58354","2018-08-19 02:05:00",1340,13.14,13.74,13.13,76.68,13.32,74.18,-0.614,0.301,-10.58,-0.186,13.09,286.2,-0.915,-10.39,"-0.532",-11.31,370.1,380.5,0.034,0.004,16.73,3.166,1.194,1.005,"-0.6125472",0.275,287,0,"0.217",328.8,0,"0.0"
"58355","2018-08-19 02:10:00",1341,13.14,13.72,13.07,76.65,13.26,74.55,-0.387,0.426,-10.09,0.479,13.06,286.2,-0.813,-10.57,"-1.597",-11.38,370.4,381,0.034,0.004,16.72,3.165,1.194,1.005,"-0.6435973",0.201,0,0,"0.197",44.96,0,"0.0"
"58356","2018-08-19 02:15:00",1342,13.14,13.7,13.12,76.46,13.23,74.72,-0.25,0.752,-10.17,0.639,13.06,286.2,-1.002,-10.81,"-3.139",-11.81,370.3,381.1,0.034,0.004,16.71,3.167,1.194,1.005,"-0.6774709",0.156,0,0,"0.143",0,0,"0.0"
"58357","2018-08-19 02:20:00",1343,13.14,13.68,13.1,76.57,13.17,74.97,-0.364,0.676,-10.17,0.506,13.06,286.2,-1.04,-10.68,"-2.148",-11.72,370.3,381,0.034,0.004,16.71,3.165,1.194,1.005,"-0.7186842",0.143,0,0,"0.179",12.19,0,"0.0"
"58358","2018-08-19 02:25:00",1344,13.14,13.66,13.07,77.16,13.15,75.24,-0.523,0.676,-10.55,0.372,13.01,286.2,-1.2,-10.93,"-1.597",-12.13,369.7,380.6,0.034,0.004,16.69,3.166,1.194,1.005,"-0.7542521",0.245,291.9,0,"0.243",307.3,0,"0.0"
"58359","2018-08-19 02:30:00",1345,13.13,13.64,13.02,76.85,13.11,75.37,-0.682,0.501,-10.73,0.266,12.95,286.1,-1.184,-11,"-0.734",-12.18,369.2,380.2,0.034,0.004,16.69,3.164,1.194,1.005,"-0.7740125",0.15,0,0,"0.122",0,0,"0.0"
"58360","2018-08-19 02:35:00",1346,13.13,13.62,12.96,78.11,13.05,75.69,-0.842,0.276,-11.27,-0.426,12.94,286.1,-1.117,-10.85,"-0.395",-11.96,368.6,379.4,0.034,0.004,16.68,3.165,1.194,1.005,"-0.811839",0.178,316,0,"0.221",342.8,0,"0.0"
"58361","2018-08-19 02:40:00",1347,13.13,13.59,12.8,78.24,12.93,76.27,-0.773,0.251,-11.19,-0.293,12.86,286,-1.024,-10.9,"-0.33",-11.93,368.2,379.1,0.034,0.004,16.68,3.165,1.194,1.005,"-0.8502296",0.16,0,0,"0.21",340.5,0,"0.0"
"58362","2018-08-19 02:45:00",1348,13.12,13.56,12.74,78.53,12.87,76.62,-0.773,0.251,-11.43,-0.266,12.8,286,-1.024,-11.16,"-0.33",-12.18,367.7,378.8,0.034,0.004,16.68,3.165,1.194,1.005,"-0.8880539",0.169,286.6,0,"0.163",345.8,0,"0.0"
"58363","2018-08-19 02:50:00",1349,13.12,13.52,12.63,79.1,12.8,76.9,-0.955,0.2,-11.58,-0.665,12.72,285.9,-1.156,-10.91,"-0.228",-12.07,367.1,378,0.034,0.004,16.66,3.166,1.194,1.005,"-0.9196663",0.198,292.6,0,"0.176",23.45,0,"0.0"
"58364","2018-08-19 02:55:00",1350,13.12,13.48,12.59,78.93,12.74,77.24,-0.637,0.351,-11.25,0.106,12.69,285.8,-0.988,-11.35,"-0.587",-12.34,367.3,378.6,0.034,0.004,16.66,3.164,1.194,1.005,"-0.9518417",0.332,304.4,0,"0.334",356.2,0,"0.0"
"58365","2018-08-19 03:00:00",1351,13.11,13.44,12.62,78.91,12.68,77.5,-0.455,0.727,-11.3,0.372,12.62,285.8,-1.182,-11.67,"-1.597",-12.85,366.9,378.5,0.034,0.004,16.64,3.165,1.194,1.005,"-0.9902291",0.286,331.6,0,"0.316",346,0,"0.0"
"58366","2018-08-19 03:05:00",1352,13.12,13.4,12.55,79.63,12.62,77.83,-0.796,0.351,-11.55,-0.665,12.6,285.8,-1.147,-10.89,"-0.855",-12.04,366.5,377.4,0.034,0.004,16.63,3.165,1.194,1.005,"-1.012247",0.329,327.4,0,"0.305",343.7,0,"0.0"
"58367","2018-08-19 03:10:00",1353,13.11,13.35,12.24,80.8,12.53,78.27,-1.297,-0.401,-11.68,-1.091,12.49,285.6,-0.896,-10.59,"0.299",-11.49,365.8,376.3,0.034,0.004,16.62,3.165,1.194,1.005,"-1.050076",0.272,304.7,0,"0.287",316.5,0,"0.0"
"58368","2018-08-19 03:15:00",1354,13.11,13.3,12.25,80.7,12.44,78.7,-0.773,0.225,-11.04,-0.106,12.42,285.6,-0.999,-10.93,"-0.321",-11.93,366,377,0.034,0.004,16.62,3.165,1.194,1.005,"-1.065322",0.233,0,0,"0.239",0,0,"0.0"
"58369","2018-08-19 03:20:00",1355,13.1,13.24,12.27,81,12.41,78.9,-0.682,0.276,-10.96,-0.399,12.36,285.5,-0.958,-10.57,"-0.404",-11.52,365.8,376.4,0.034,0.004,16.61,3.165,1.194,1.005,"-1.107103",0.165,315.7,0,"0.224",19.23,0,"0.0"
"58370","2018-08-19 03:25:00",1356,13.1,13.17,12.05,82.6,12.44,78.95,-1.274,-0.376,-10.86,-1.33,12.26,285.4,-0.898,-9.53,"0.227",-10.43,365.4,374.9,0.034,0.004,16.61,3.164,1.194,1.005,"-1.128558",0.443,326,0,"0.403",353.7,0,"0.0"
"58371","2018-08-19 03:30:00",1357,13.1,13.11,11.95,82.3,12.37,79.01,-0.751,0.125,-10.43,0.319,12.16,285.3,-0.876,-10.75,"-0.531",-11.62,365.3,376,0.034,0.004,16.58,3.164,1.194,1.006,"-1.165255",0.329,350,0,"0.36",0.688,0,"0.0"
"58372","2018-08-19 03:35:00",1358,13.1,13.05,12.12,81.7,12.33,79.21,-0.227,0.752,-10.48,1.117,12.15,285.3,-0.979,-11.59,"NULL",-12.57,365.2,376.8,0.034,0.004,16.59,3.164,1.194,1.006,"-1.193485",0.263,31.75,0,"0.207",0,0,"0.0"
"58373","2018-08-19 03:40:00",1359,13.09,13,12.17,81.6,12.26,79.63,-0.296,0.576,-10.91,0.319,12.15,285.3,-0.872,-11.23,"NULL",-12.1,364.8,376,0.034,0.004,16.59,3.164,1.194,1.005,"-1.230185",0.261,0.845,0,"0.245",47.19,0,"0.0"
"58374","2018-08-19 03:45:00",1360,13.09,12.95,12.06,81.9,12.21,79.95,-0.682,0.251,-11.17,-0.239,12.13,285.3,-0.933,-10.93,"-0.367",-11.86,364.4,375.3,0.034,0.004,16.58,3.165,1.194,1.005,"-1.253335",0.157,284.3,0,"0.202",350.8,0,"0.0"
"58375","2018-08-19 03:50:00",1361,13.09,12.9,12,82.9,12.16,80.4,-0.864,0.125,-10.76,-0.372,12.04,285.2,-0.99,-10.39,"-0.174",-11.38,364.3,374.7,0.034,0.004,16.57,3.165,1.194,1.005,"-1.295679",0.21,316.3,0,"0.335",339.5,0,"0.0"
"58376","2018-08-19 03:55:00",1362,13.08,12.85,11.9,83.4,12.16,80.4,-0.705,0.301,-9.91,0.372,12,285.1,-1.006,-10.29,"-0.9",-11.29,364.9,375.2,0.034,0.004,16.56,3.165,1.194,1.005,"-1.318827",0.326,346.2,0,"0.377",357.1,0,"0.0"
"58377","2018-08-19 04:00:00",1363,13.08,12.8,12.07,83.3,12.24,80,-0.296,0.727,-9.79,0.239,12,285.1,-1.022,-10.03,"NULL",-11.05,365.1,375.1,0.034,0.004,16.56,3.166,1.194,1.005,"-1.354395",0.322,353.7,0,"0.32",6.537,0,"0.0"
"58378","2018-08-19 04:05:00",1364,13.08,12.76,12.04,82.4,12.23,80.1,-0.364,0.576,-10.22,-0.053,11.99,285.1,-0.94,-10.17,"-2.221",-11.11,364.6,374.8,0.034,0.004,16.55,3.167,1.194,1.005,"-1.364558",0.202,308.9,0,"0.258",341.5,0,"0.0"
"58379","2018-08-19 04:10:00",1365,13.07,12.71,11.98,82.4,12.17,80.4,-0.227,0.727,-10.32,0.692,11.97,285.1,-0.954,-11.02,"-3.194",-11.97,364.4,375.4,0.034,0.004,16.54,3.165,1.194,1.005,"-1.395042",0.126,305.1,0,"0.203",321.5,0,"0.0"
"58380","2018-08-19 04:15:00",1366,13.07,12.68,11.99,82.4,12.14,80.6,0.023,0.752,-10.45,0.798,11.94,285.1,-0.729,-11.25,"NULL",-11.98,364.1,375.3,0.034,0.004,16.53,3.166,1.194,1.005,"-1.437947",0.127,283.1,0,"0.16",348.5,0,"0.0"
"58381","2018-08-19 04:20:00",1367,13.07,12.64,11.98,82.4,12.08,80.8,0.136,0.752,-10.5,0.905,11.94,285.1,-0.615,-11.41,"NULL",-12.02,364,375.4,0.034,0.004,16.53,3.166,1.194,1.005,"-1.465047",0.145,0,0,"0.262",347.8,0,"0.0"
"58382","2018-08-19 04:25:00",1368,13.06,12.62,11.99,82.4,12.04,81.1,0.637,0.877,-10.61,1.038,11.94,285.1,-0.24,-11.64,"1.395",-11.88,363.9,375.6,0.034,0.004,16.51,3.165,1.194,1.005,"-1.496667",0.228,312.1,0,"0.317",317.9,0,"0.0"
"58383","2018-08-19 04:30:00",1369,13.06,12.59,11.97,82.5,11.99,81.2,0.887,0.777,-10.81,0.931,11.94,285.1,0.11,-11.74,"0.898",-11.63,363.7,375.5,0.034,0.004,16.51,3.166,1.194,1.005,"-1.528288",0.295,325.6,0,"0.383",330.9,0,"0.0"
"58384","2018-08-19 04:35:00",1370,13.06,12.57,11.96,82.5,11.93,81.5,1.206,1.002,-11.12,0.958,11.94,285.1,0.203,-12.08,"0.837",-11.87,363.4,375.5,0.034,0.004,16.52,3.165,1.194,1.005,"-1.559343",0.365,339.8,0,"0.416",348.3,0,"0.0"
"58385","2018-08-19 04:40:00",1371,13.06,12.54,11.92,82.6,11.87,81.8,1.57,1.002,-11.3,0.798,11.94,285.1,0.567,-12.1,"0.64",-11.53,363.2,375.3,0.034,0.004,16.51,3.165,1.194,1.005,"-1.596605",0.3,329.2,0,"0.418",331.4,0,"0.0"
"58386","2018-08-19 04:45:00",1372,13.05,12.52,11.89,82.7,11.86,81.9,1.82,1.002,-11.27,0.798,11.92,285.1,0.818,-12.07,"0.554",-11.25,363.2,375.2,0.034,0.004,16.49,3.166,1.194,1.005,"-1.62088",0.196,0,0,"0.229",0,0,"0.0"
"58387","2018-08-19 04:50:00",1373,13.04,12.49,11.86,83,11.85,82.1,2.07,1.027,-11.12,0.878,11.89,285,1.043,-12,"0.497",-10.95,363.2,375.2,0.034,0.004,16.49,3.165,1.194,1.005,"-1.646284",0.159,0,0,"0.331",0,0,"0.0"
"58388","2018-08-19 04:55:00",1374,13.04,12.48,11.85,83,11.87,82,2.48,1.253,-10.73,1.197,11.88,285,1.227,-11.93,"0.508",-10.7,363.5,375.4,0.034,0.004,16.48,3.166,1.194,1.005,"-1.675639",0.287,299.9,0,"0.365",0,0,"0.0"
"58389","2018-08-19 05:00:00",1375,13.03,12.46,11.88,83,11.9,81.9,2.775,1.253,-10.63,1.144,11.88,285,1.522,-11.78,"0.452",-10.25,363.6,375.4,0.034,0.004,16.47,3.166,1.194,1.005,"-1.709513",0.069,0,0,"0.128",0,0,"0.0"
"58390","2018-08-19 05:05:00",1376,13.03,12.44,11.89,82.9,11.92,81.9,3.207,1.378,-10.32,1.304,11.88,285,1.829,-11.63,"0.429",-9.8,363.9,375.5,0.034,0.004,16.47,3.165,1.194,1.005,"-1.732664",0.124,292.2,0,"0.262",305.5,0,"0.0"
"58391","2018-08-19 05:10:00",1377,13.03,12.43,11.93,83.1,11.95,81.8,3.662,1.704,-10.4,1.49,11.89,285,1.959,-11.89,"0.465",-9.93,363.9,375.8,0.034,0.004,16.46,3.165,1.194,1.005,"-1.759203",0.184,291.8,0,"0.28",304.6,0,"0.0"
"58392","2018-08-19 05:15:00",1378,13.03,12.42,11.97,82.8,11.98,81.8,4.072,1.754,-10.43,1.437,11.93,285.1,2.318,-11.86,"0.431",-9.55,364.1,375.9,0.034,0.004,16.43,3.166,1.194,1.005,"-1.786309",0.141,0,0,"0.195",331.2,0,"0.0"
"58393","2018-08-19 05:20:00",1379,13.03,12.42,12.03,82.7,12.02,81.7,4.459,1.754,-10.27,1.836,11.95,285.1,2.705,-12.11,"0.394",-9.4,364.3,376.5,0.034,0.004,16.45,3.166,1.194,1.005,"-1.81454",0.211,309.7,0,"0.242",329.8,0,"0.0"
"58394","2018-08-19 05:25:00",1380,13.03,12.41,12.07,82.6,12.09,81.6,4.663,1.754,-10.25,1.862,11.99,285.1,2.909,-12.11,"0.376",-9.2,364.6,376.7,0.034,0.004,16.44,3.165,1.194,1.005,"-1.843896",0.192,298.8,0,"0.302",0,0,"0.0"
"58395","2018-08-19 05:30:00",1381,13.03,12.42,12.13,82.5,12.15,81.3,5.187,1.954,-10.14,1.862,12.01,285.2,3.232,-12.01,"0.377",-8.77,364.8,376.8,0.034,0.004,16.43,3.165,1.194,1.005,"-1.868733",0.341,317.2,0,"0.408",323.3,0,"0.0"
"58396","2018-08-19 05:35:00",1382,13.02,12.42,12.21,82.2,12.24,81.1,5.892,2.23,-10.02,1.862,12.12,285.3,3.662,-11.88,"0.379",-8.22,365.5,377.4,0.034,0.004,16.42,3.166,1.194,1.005,"-1.886234",0.346,307.5,0,"0.326",326.9,0,"0.0"
"58397","2018-08-19 05:40:00",1383,13.03,12.44,12.28,82,12.29,80.9,6.256,2.255,-10.22,1.836,12.17,285.3,4.001,-12.06,"0.361",-8.06,365.5,377.6,0.034,0.004,16.41,3.165,1.194,1.005,"-1.913335",0.289,308.3,0,"0.237",337.3,0,"0.0"
"58398","2018-08-19 05:45:00",1384,13.03,12.46,12.36,81.6,12.35,80.7,6.824,2.455,-9.84,1.862,12.24,285.4,4.369,-11.7,"0.36",-7.331,366.3,378,0.034,0.004,16.4,3.165,1.194,1.005,"-1.935922",0.288,357.9,0,"0.286",347.7,0,"0.0"
"58399","2018-08-19 05:50:00",1385,13.03,12.48,12.44,81.5,12.43,80.4,7.257,2.506,-9.73,1.889,12.28,285.4,4.751,-11.62,"0.345",-6.873,366.6,378.2,0.034,0.004,16.41,3.166,1.194,1.005,"-1.956251",0.157,316.8,0,"0.227",330.9,0,"0.0"
"58400","2018-08-19 05:55:00",1386,13.04,12.51,12.49,81.4,12.54,79.92,7.825,2.506,-9.4,2.049,12.36,285.5,5.32,-11.45,"0.321",-6.131,367.3,378.8,0.034,0.004,16.4,3.166,1.194,1.005,"-1.969803",0.199,21.45,0,"0.199",0,0,"0.0"
"58401","2018-08-19 06:00:00",1387,13.04,12.54,12.6,81.4,12.63,79.79,8.53,2.656,-9.3,2.368,12.43,285.6,5.875,-11.67,"0.311",-5.793,367.8,379.5,0.034,0.004,16.39,3.166,1.194,1.005,"-1.996903",0.267,21.01,0,"0.19",0,0,"0.0"
"58402","2018-08-19 06:05:00",1388,13.04,12.58,12.71,80.7,12.72,79.53,9.28,2.781,-8.68,2.448,12.5,285.7,6.5,-11.13,"0.3",-4.632,368.8,380,0.034,0.004,16.38,3.165,1.194,1.005,"-2.006503",0.187,74.43,0,"0.165",47.77,0,"0.0"
"58403","2018-08-19 06:10:00",1389,13.05,12.62,12.82,80.2,12.84,79.27,10.05,3.032,-8.12,2.687,12.62,285.8,7.023,-10.81,"0.302",-3.785,370,380.8,0.034,0.004,16.37,3.166,1.194,1.005,"-2.036992",0.242,54.36,0,"0.149",0,0,"0.0"
"58404","2018-08-19 06:15:00",1390,13.06,12.68,13.02,80.1,13.12,78.32,10.87,3.307,-8.3,2.501,12.75,285.9,7.566,-10.8,"0.304",-3.235,370.5,381.3,0.034,0.004,16.36,3.166,1.194,1.005,"-2.050545",0.449,27.7,0,"0.27",9.79,0,"0.0"
"58405","2018-08-19 06:20:00",1391,13.06,12.74,13.14,79.53,13.27,77.9,11.1,3.508,-8.48,2.395,12.89,286,7.593,-10.87,"0.316",-3.281,371.1,382,0.034,0.004,16.36,3.165,1.194,1.005,"-2.06466",0.193,30.05,0,"0.147",333.7,0,"0.0"
"58406","2018-08-19 06:25:00",1392,13.07,12.81,13.25,79.28,13.34,77.79,11.76,3.733,-8.3,2.554,13,286.1,8.03,-10.85,"0.317",-2.827,371.8,382.7,0.034,0.004,16.35,3.165,1.194,1.005,"-2.082722",0.182,358.2,0,"0.119",0,0,"0.0"
"58407","2018-08-19 06:30:00",1393,13.08,12.88,13.39,79.47,13.5,77.44,12.33,4.059,-8.27,2.474,13.13,286.3,8.27,-10.75,"0.329",-2.479,372.6,383.3,0.034,0.004,16.34,3.166,1.194,1.005,"-2.091182",0.289,324.7,0,"0.266",326.8,0,"0.0"
"58408","2018-08-19 06:35:00",1394,13.09,12.96,13.55,78.68,13.7,76.75,13.35,4.46,-7.48,2.687,13.24,286.4,8.89,-10.17,"0.334",-1.274,374,384.1,0.034,0.004,16.35,3.166,1.194,1.005,"-2.094561",0.23,359.5,0,"0.192",348.1,0,"0.0"
"58409","2018-08-19 06:40:00",1395,13.1,13.05,13.75,78.36,13.91,76.12,14.26,4.76,-7.557,2.714,13.41,286.6,9.5,-10.27,"0.334",-0.769,374.8,385,0.034,0.004,16.34,3.166,1.194,1.005,"-2.117138",0.308,45.73,0,"0.148",3.282,0,"0.0"
"58410","2018-08-19 06:45:00",1396,13.11,13.15,13.93,77.95,14.1,75.79,15.22,4.886,-7.685,2.661,13.6,286.7,10.33,-10.35,"0.321",-0.013,375.6,386,0.034,0.004,16.33,3.165,1.194,1.005,"-2.127298",0.345,40.34,0,"0.171",352.1,0,"0.0"
"58411","2018-08-19 06:50:00",1397,13.13,13.27,14.13,77.34,14.29,75.39,15.99,5.111,-7.788,2.661,13.78,286.9,10.88,-10.45,"0.32",0.432,376.5,387,0.034,0.004,16.32,3.166,1.194,1.005,"-2.132378",0.391,56.45,0,"0.186",47.51,0,"0.0"
"58412","2018-08-19 06:55:00",1398,13.15,13.38,14.31,76.99,14.47,74.49,16.9,5.287,-7.711,2.661,13.96,287.1,11.61,-10.37,"0.313",1.243,377.6,388,0.034,0.004,16.31,3.164,1.194,1.006,"-2.130682",0.348,73.8,0,"0.167",64.64,0,"0.0"
"58413","2018-08-19 07:00:00",1399,13.17,13.51,14.5,76.2,14.71,73.56,18.15,5.938,-7.352,2.661,14.14,287.3,12.21,-10.01,"0.327",2.202,378.9,388.9,0.034,0.004,16.29,3.166,1.194,1.005,"-2.138582",0.464,35.21,0,"0.305",26.01,0,"0.0"
"58414","2018-08-19 07:05:00",1400,13.16,13.64,14.74,75.78,14.97,73.06,19.27,6.464,-7.378,2.634,14.36,287.5,12.8,-10.01,"0.336",2.791,380,390,0.034,0.004,16.3,3.166,1.194,1.005,"-2.139145",0.422,26.53,0,"0.313",25.66,0,"0.0"
"58415","2018-08-19 07:10:00",1401,13.16,13.77,14.94,75.39,15.16,72.96,20.18,6.564,-7.07,2.634,14.56,287.7,13.61,-9.7,"0.326",3.908,381.4,391.1,0.034,0.004,16.3,3.167,1.194,1.005,"-2.141967",0.316,60.38,0,"0.229",50.55,0,"0.0"
"58416","2018-08-19 07:15:00",1402,13.17,13.92,15.18,74.58,15.47,72.64,21.79,6.915,-6.43,2.661,14.8,287.9,14.88,-9.09,"0.317",5.786,383.4,392.5,0.034,0.004,16.29,3.165,1.194,1.005,"-2.144226",0.52,48.68,0,"0.336",44.2,0,"0.0"
"58417","2018-08-19 07:20:00",1403,13.2,14.08,15.45,74.08,15.81,71.42,23.02,7.366,-6.84,2.661,15.06,288.2,15.65,-9.5,"0.32",6.154,384.4,393.9,0.034,0.004,16.28,3.166,1.194,1.005,"-2.140278",0.412,44.49,0,"0.286",29.33,0,"0.0"
"58418","2018-08-19 07:25:00",1404,13.22,14.26,15.74,73.88,16.02,70.96,24.41,8.27,-6.532,2.74,15.31,288.5,16.14,-9.27,"0.339",6.867,386,395.3,0.034,0.004,16.27,3.167,1.194,1.005,"-2.135767",0.39,20.48,0,"0.307",13.4,0,"0.0"
"58419","2018-08-19 07:30:00",1405,13.25,14.44,16.02,72.56,16.34,69.97,25.8,8.59,-6.635,2.687,15.57,288.7,17.2,-9.32,"0.333",7.88,387.4,396.7,0.034,0.004,16.27,3.166,1.194,1.005,"-2.110935",0.309,49.99,0,"0.246",35.41,0,"0.0"
"58420","2018-08-19 07:35:00",1406,13.28,14.63,16.27,71.89,16.62,69.18,32.85,9.17,-6.917,2.661,15.84,289,23.68,-9.58,"0.283",14.1,388.6,398.2,0.034,0.004,16.27,3.165,1.194,1.005,"-2.122798",0.293,51.69,0,"0.245",46.16,0,"0.0"
"58421","2018-08-19 07:40:00",1407,13.33,14.85,16.54,71.67,16.89,68.7,29.14,10.25,-7.327,2.661,16.12,289.3,18.89,-9.99,"0.352",8.9,389.7,399.7,0.034,0.004,16.27,3.166,1.194,1.005,"-2.114895",0.351,28.96,0,"0.266",32.22,0,"0.0"
"58422","2018-08-19 07:45:00",1408,13.38,15.06,16.77,71.83,17.16,68.96,46.47,12,-7.583,2.022,16.39,289.5,34.47,-9.6,"0.273",24.87,390.9,400.5,0.034,0.004,16.26,3.166,1.194,1.005,"-2.109239",0.363,312,0,"0.336",307.9,0,"0.0"
"58423","2018-08-19 07:50:00",1409,13.44,15.28,16.87,71.2,17.33,69.55,130.5,12.83,-7.762,1.25,16.72,289.9,117.7,-9.01,"0.129",108.7,392.5,401.5,0.034,0.004,16.26,3.166,1.194,1.005,"-2.06236",0.211,0,0,"0.324",304.2,0,"0.0"
"58424","2018-08-19 07:55:00",1410,13.54,15.49,17.18,71.45,17.64,67.81,115.7,13.88,-8.43,1.117,17.24,290.4,101.8,-9.55,"0.12",92.3,394.8,404.3,0.034,0.004,16.26,3.167,1.194,1.005,"-2.063467",0.163,0,0,"0.111",318.2,0,"0.0"
"58425","2018-08-19 08:00:00",1411,13.64,15.72,17.51,70.58,17.83,67.41,70.45,13,-10.25,-0.506,17.78,290.9,57.45,-9.74,"0.19",47.7,395.9,405.7,0.034,0.004,16.23,3.166,1.194,1.005,"-2.047076",0.259,0,0,"0.227",140.7,0,"0.0"
"58426","2018-08-19 08:05:00",1412,13.72,15.97,17.9,68.64,18.15,65.97,62.24,12.3,-10.58,-0.399,18.12,291.3,49.94,-10.18,"0.236",39.75,397.5,407.7,0.034,0.004,16.24,3.165,1.194,1.005,"-1.957302",0.252,315.5,0,"0.244",0,0,"0.0"
"58427","2018-08-19 08:10:00",1413,13.78,16.24,18.16,67.6,18.49,64.88,41.13,12.05,-10.5,-0.931,18.37,291.5,29.08,-9.57,"0.31",19.5,399,408.6,0.034,0.004,16.24,3.166,1.194,1.005,"-1.996821",0.355,338.4,0,"0.394",287.1,0,"0.0"
"58428","2018-08-19 08:15:00",1414,13.83,16.54,18.39,67.41,18.84,63.92,35.44,12.05,-10.71,-0.665,18.56,291.7,23.39,-10.04,"0.34",13.35,399.9,409.9,0.034,0.004,16.23,3.166,1.194,1.005,"-1.973115",0.28,0,0,"0.233",47.7,0,"0.0"
"58429","2018-08-19 08:20:00",1415,13.86,16.82,18.62,67,19.02,64.06,39.4,12.78,-10.73,-0.639,18.73,291.9,26.62,-10.1,"0.325",16.53,400.8,410.9,0.034,0.004,16.23,3.166,1.194,1.005,"-1.943765",0.245,0,0,"0.291",18.71,0,"0.0"
"58430","2018-08-19 08:25:00",1416,13.89,17.07,18.86,67.35,19.16,64.27,38.24,14.33,-10.99,-0.133,18.92,292.1,23.91,-10.86,"0.375",13.05,401.6,412.5,0.034,0.004,16.23,3.166,1.194,1.005,"-1.909332",0.397,14.83,0,"0.39",15.47,0,"0.0"
"58431","2018-08-19 08:30:00",1417,13.92,17.3,19.1,65.77,19.35,62.67,39.37,15.33,-10.81,0.133,19.1,292.3,24.04,-10.94,"0.389",13.1,402.8,413.8,0.034,0.004,16.22,3.163,1.193,1.005,"-1.877719",0.412,23.82,0,"0.397",15.64,0,"0.0"
"58432","2018-08-19 08:35:00",1418,13.93,17.54,19.3,63.28,19.59,60.18,40.47,16.31,-10.37,0.692,19.31,292.5,24.16,-11.07,"0.403",13.09,404.5,415.5,0.034,0.004,16.22,3.156,1.193,1.005,"-1.833678",0.277,0,0,"0.196",56.14,0,"0.0"
"58433","2018-08-19 08:40:00",1419,13.94,17.77,19.53,62.7,19.79,59.73,47.92,18.01,-10.58,0.878,19.54,292.7,29.91,-11.46,"0.391",18.45,405.5,417,0.033,0.004,16.22,3.142,1.192,1.005,"-1.801488",0.518,45.1,0,"0.395",37.45,0,"0.0"
"58434","2018-08-19 08:45:00",1420,13.96,18.01,19.82,62.34,20.16,59.12,79.59,18.91,-10.76,0.452,19.82,293,60.67,-11.21,"0.249",49.46,406.9,418.1,0.034,0.004,16.22,3.143,1.192,1.005,"-1.7597",0.461,329.7,0,"0.485",326,0,"0.0"
"58435","2018-08-19 08:50:00",1421,13.97,18.28,19.93,61.38,20.35,58.37,51.9,19.62,-10.66,0.904,20.07,293.2,32.29,-11.56,"0.381",20.73,408.5,420.1,0.033,0.004,16.21,3.143,1.192,1.005,"-1.703236",0.357,23.13,0,"0.272",15.43,0,"0.0"
"58436","2018-08-19 08:55:00",1422,13.99,18.55,20.25,61.27,20.57,57.93,232,20.92,-11.32,0.692,20.38,293.5,211,-12.01,"0.187",199,409.6,421.6,0.033,0.004,16.22,3.143,1.192,1.005,"-1.66032",0.434,352.4,0,"0.5",3.667,0,"0.0"
"58437","2018-08-19 09:00:00",1423,14.03,18.81,20.42,61.09,20.7,57.56,82.4,21.39,-13.88,-1.224,20.83,294,61.01,-12.66,"0.316",48.35,409.6,422.3,0.033,0.004,16.22,3.141,1.192,1.005,"-1.657487",0.587,339.4,0,"0.638",326.2,0,"0.0"
"58438","2018-08-19 09:05:00",1424,14.06,19.16,20.46,59.43,20.79,57.56,49.4,20.12,-13.42,-1.037,20.99,294.1,29.28,-12.38,"0.408",16.9,411,423.4,0.033,0.004,16.21,3.142,1.192,1.005,"-1.563764",0.327,110.2,0,"0.309",112.6,0,"0.0"
"58439","2018-08-19 09:10:00",1425,14.08,19.49,20.7,58.83,20.98,55.72,54.08,20.09,-12.88,-0.931,21.14,294.3,33.99,-11.95,"0.372",22.04,412.4,424.4,0.033,0.004,16.21,3.142,1.192,1.005,"-1.506739",0.663,342.8,0,"0.605",349.1,0,"0.0"
"58440","2018-08-19 09:15:00",1426,14.13,19.74,21.09,56.62,21.46,53.05,62.77,20.72,-12.17,-0.665,21.34,294.5,42.05,-11.5,"0.34",30.55,414.3,425.8,0.033,0.004,16.21,3.142,1.192,1.005,"-1.450279",0.789,299.6,0,"0.792",308.5,0,"0.0"
"58441","2018-08-19 09:20:00",1427,14.27,19.95,21.26,54.63,21.72,51.24,73.91,20.19,-12.7,-0.904,21.58,294.7,53.72,-11.8,"0.281",41.92,415.2,427,0.033,0.004,16.21,3.142,1.192,1.005,"-1.38253",0.581,318.9,0,"0.585",318.5,0,"0.0"
"58442","2018-08-19 09:25:00",1428,14.39,20.17,21.47,52.4,21.98,49.29,56.74,20.74,-11.63,-0.559,21.8,295,36,-11.07,"0.366",24.93,417.5,428.6,0.033,0.004,16.21,3.143,1.192,1.005,"-1.318736",0.427,347.2,0,"0.494",351,0,"0.0"
"58443","2018-08-19 09:30:00",1429,14.38,20.4,21.79,51.66,22.24,48.95,57.79,21.12,-12.52,-1.543,22.03,295.2,36.67,-10.98,"0.365",25.69,417.9,428.9,0.033,0.004,16.22,3.142,1.192,1.005,"-1.249863",0.465,0,0,"0.483",279.4,0,"0.0"
"58444","2018-08-19 09:35:00",1430,14.37,20.61,22.02,50.94,22.46,48.28,60.2,21.94,-11.86,-0.559,22.26,295.4,38.26,-11.3,"0.365",26.96,419.9,431.2,0.033,0.004,16.21,3.143,1.192,1.005,"-1.187205",0.443,74.2,0,"0.457",159.6,0,"0.0"
"58445","2018-08-19 09:40:00",1431,14.36,20.82,22.36,50.23,22.82,47.49,62.29,23.22,-12.78,-1.277,22.54,295.7,39.07,-11.5,"0.373",27.57,420.6,432.1,0.033,0.004,16.22,3.143,1.192,1.005,"-1.11552",0.779,293.5,0,"0.929",267.4,0,"0.0"
"58446","2018-08-19 09:45:00",1432,14.35,21.03,22.42,49.41,22.79,46.82,63.75,23.82,-13.24,-1.516,22.76,295.9,39.92,-11.72,"0.374",28.2,421.5,433.2,0.033,0.004,16.21,3.143,1.192,1.005,"-1.028593",0.57,291.1,0,"0.772",294.5,0,"0.0"
"58447","2018-08-19 09:50:00",1433,14.34,21.24,22.58,49.01,22.89,46.89,77.66,26.05,-13.88,-1.889,22.98,296.1,51.61,-11.99,"0.344",39.62,422.1,434.1,0.033,0.004,16.22,3.142,1.192,1.005,"-0.9665057",0.487,285.7,0,"0.554",282.7,0,"0.0"
"58448","2018-08-19 09:55:00",1434,14.35,21.46,22.73,48.41,23.02,46.34,68.09,29.98,-13.96,-1.064,23.2,296.3,38.11,-12.89,"0.44",25.21,423.3,436.2,0.034,0.004,16.23,3.143,1.192,1.005,"-0.8801406",0.599,291.7,0,"0.588",291.8,0,"0.0"
"58449","2018-08-19 10:00:00",1435,14.36,21.66,22.9,45.69,23.19,43.99,78.59,38.02,-15.47,-0.293,23.43,296.6,40.57,-15.18,"0.488",25.39,423.2,438.4,0.033,0.004,16.23,3.143,1.192,1.005,"-0.8011116",0.753,290.7,0,"0.776",282.1,0,"0.0"
"58450","2018-08-19 10:05:00",1436,14.33,21.87,23.01,46.6,23.14,44.94,124.6,49.09,-15.24,2.553,23.75,296.9,75.55,-17.79,"0.404",57.76,425.3,443.1,0.033,0.004,16.24,3.142,1.192,1.005,"-0.7311139",0.729,255.7,0,"0.619",273.5,0,"0.0"
"58451","2018-08-19 10:10:00",1437,14.31,22.1,23.55,43.61,23.55,42.9,388.9,56.63,-16.75,2.607,24.42,297.6,332.3,-19.36,"0.191",312.9,427.8,447.2,0.033,0.004,16.24,3.143,1.192,1.005,"-0.662242",0.532,151.5,0,"0.582",174,0,"0.0"
"58452","2018-08-19 10:15:00",1438,14.3,22.41,23.5,43.35,23.56,42.41,715.3,55.58,-22.64,-3.484,25.7,298.9,659.7,-19.15,"0.078",640.6,429.6,448.8,0.033,0.004,16.24,3.142,1.192,1.005,"-0.5781246",0.959,315.3,0,"0.778",0,0,"0.0"
"58453","2018-08-19 10:20:00",1439,14.3,22.89,23.77,42.98,23.74,42.12,367.1,55.88,-28.27,-5.266,26.75,299.9,311.2,-23.01,"0.175",288.2,430.4,453.4,0.033,0.004,16.25,3.142,1.192,1.005,"-0.5098147",1.159,205.7,0,"1.119",264.2,0,"0.0"
"58454","2018-08-19 10:25:00",1440,14.29,23.58,23.7,42.95,23.79,41.65,146.3,51.4,-29.55,-4.256,26.9,300.1,94.9,-25.3,"0.372",69.59,430,455.3,0.033,0.004,16.25,3.142,1.192,1.005,"-0.4381176",0.747,299.1,0,"0.687",301.5,0,"0.0"
"58455","2018-08-19 10:30:00",1441,14.26,24.18,24.02,42.28,24.02,41.16,78.32,52.95,-28.45,-0.346,26.88,300,25.37,-28.11,"0.688",-2.738,431,459.1,0.033,0.004,16.25,3.142,1.192,1.005,"-0.3635977",0.674,174.5,0,"0.663",174.3,0,"0.0"
"58456","2018-08-19 10:35:00",1442,14.24,24.58,24.17,41.56,24.21,40.24,76.91,48.87,-27.38,0.399,26.7,299.8,28.04,-27.77,"0.637",0.266,431,458.7,0.034,0.004,16.25,3.144,1.192,1.005,"-0.2851246",0.612,276,0,"0.488",0,0,"0.0"
"58457","2018-08-19 10:40:00",1443,14.23,24.81,24.31,41.01,24.39,39.88,100.6,46.54,-23.84,2.447,26.53,299.7,54.04,-26.29,"0.489",27.75,433.4,459.7,0.033,0.004,16.28,3.143,1.192,1.005,"-0.2083432",0.865,279.9,0,"0.92",287,0,"0.0"
"58458","2018-08-19 10:45:00",1444,14.23,24.97,24.47,38.92,24.65,37.68,74.06,40.33,-23.74,-0.771,26.38,299.5,33.74,-22.97,"0.545",10.77,432.7,455.6,0.033,0.004,16.27,3.143,1.192,1.005,"-0.108973",0.757,0,0,"0.847",247.1,0,"0.0"
"58459","2018-08-19 10:50:00",1445,14.22,25.08,24.58,37.89,24.66,36.52,72.72,35.79,-21.95,-1.277,26.2,299.3,36.93,-20.67,"0.492",16.26,433.3,454,0.033,0.004,16.28,3.142,1.192,1.005,"-0.03161966",0.663,125.3,0,"0.557",169.7,0,"0.0"
"58460","2018-08-19 10:55:00",1446,14.23,25.17,24.75,37.6,24.84,35.95,122.4,32.51,-20.49,-2.979,26.24,299.4,89.9,-17.51,"0.281",72.39,435.1,452.6,0.033,0.004,16.28,3.142,1.192,1.005,"0.08300352",0.891,290.7,0,"0.675",290.3,0,"0.0"
"58461","2018-08-19 11:00:00",1447,14.23,25.25,24.87,37.27,25.05,35.89,97,30.46,-21.18,-4.149,26.27,299.4,66.55,-17.03,"0.319",49.52,434.6,451.6,0.033,0.004,16.29,3.142,1.192,1.005,"0.1665736",0.677,264.9,0,"0.675",266.3,0,"0.0"
"58462","2018-08-19 11:05:00",1448,14.22,25.32,24.95,36.35,25.12,35.23,77.59,30.23,-20.87,-3.617,26.2,299.4,47.36,-17.25,"0.39",30.1,434.4,451.7,0.034,0.004,16.3,3.143,1.192,1.005,"0.2710383",0.874,209.5,0,"0.835",203.7,0,"0.0"
"58463","2018-08-19 11:10:00",1449,14.22,25.38,24.94,36.72,25.13,35.67,78.34,29.08,-19.85,-4.495,26.15,299.3,49.26,-15.35,"0.371",33.91,435.2,450.5,0.033,0.004,16.31,3.143,1.192,1.005,"0.3834096",0.664,245.4,0,"0.75",252.7,0,"0.0"
"58464","2018-08-19 11:15:00",1450,14.22,25.44,25.07,36.05,25.28,35.02,80.4,29.48,-17.82,-3.271,26.14,299.3,50.93,-14.55,"0.367",36.38,437.1,451.6,0.033,0.004,16.33,3.144,1.192,1.005,"0.5002991",0.983,223.9,0,"0.825",199.9,0,"0.0"
"58465","2018-08-19 11:20:00",1451,14.23,25.49,25.21,36.64,25.44,35.29,82.9,29.35,-19.13,-4.149,26.16,299.3,53.58,-14.98,"0.354",38.6,436,450.9,0.033,0.004,16.32,3.142,1.192,1.005,"0.6121071",0.949,244.8,0,"0.844",255.2,0,"0.0"
"58466","2018-08-19 11:25:00",1452,14.21,25.54,25.11,37.12,25.33,35.98,83.2,29.63,-17.21,-3.431,26.17,299.3,53.55,-13.78,"0.357",39.77,437.9,451.7,0.033,0.004,16.34,3.143,1.192,1.005,"0.7267387",0.578,141.2,0,"0.73",142.5,0,"0.0"
"58467","2018-08-19 11:30:00",1453,14.21,25.58,25.34,35.6,25.61,34.29,90.4,30.58,-18.62,-3.883,26.26,299.4,59.83,-14.73,"0.342",45.1,437.1,451.8,0.033,0.004,16.35,3.143,1.192,1.005,"0.8509697",1.044,285.4,0,"0.949",283,0,"0.0"
"58468","2018-08-19 11:35:00",1454,14.22,25.63,25.37,35.4,25.5,34.26,83,31.31,-18.59,-2.66,26.29,299.4,51.72,-15.93,"0.377",35.78,437.3,453.2,0.033,0.004,16.36,3.143,1.192,1.005,"0.9480961",1.358,303.9,0,"1.04",302.4,0,"0.0"
"58469","2018-08-19 11:40:00",1455,14.22,25.69,25.28,34.55,25.49,33.47,83.7,32.24,-17.49,-3.138,26.3,299.4,51.47,-14.35,"0.385",37.12,438.4,452.8,0.033,0.004,16.37,3.143,1.192,1.005,"1.04974",0.532,269.9,0,"0.402",333.2,0,"0.0"
"58470","2018-08-19 11:45:00",1456,14.22,25.75,25.54,33.74,25.81,32.87,85.8,35.09,-16.72,-2.42,26.42,299.6,50.75,-14.3,"0.409",36.45,439.9,454.2,0.033,0.004,16.39,3.143,1.192,1.005,"1.177358",0.799,127.8,0,"0.686",108.7,0,"0.0"
"58471","2018-08-19 11:50:00",1457,14.22,25.81,25.72,33.73,25.99,32.74,90.2,38.65,-17.39,-1.835,26.58,299.7,51.52,-15.55,"0.429",35.96,440.2,455.8,0.033,0.004,16.4,3.143,1.192,1.005,"1.253591",0.56,219.2,0,"0.65",231.8,0,"0.0"
"58472","2018-08-19 11:55:00",1458,14.22,25.89,25.99,35.32,26.29,33.53,89.3,45.99,-16.8,0.638,26.79,299.9,43.27,-17.44,"0.516",25.83,442.1,459.5,0.033,0.004,16.41,3.142,1.192,1.005,"1.349587",0.973,268.7,0,"0.854",0,0,"0.0"
"58473","2018-08-19 12:00:00",1459,14.21,25.99,26,34.17,26.15,33.12,122.4,53.52,-19.18,0.638,27.02,300.2,68.86,-19.82,"0.468",49.04,441.1,460.9,0.033,0.004,16.42,3.143,1.192,1.005,"1.429772",0.758,214.6,0,"0.722",271.3,0,"0.0"
"58474","2018-08-19 12:05:00",1460,14.19,26.12,26.16,33.06,26.33,32.01,194.2,58.83,-19.69,2.394,27.36,300.5,135.3,-22.09,"0.35",113.2,442.7,464.8,0.033,0.004,16.43,3.143,1.192,1.005,"1.520686",1.032,267.4,0,"0.692",273.9,0,"0.0"
"58475","2018-08-19 12:10:00",1461,14.18,26.29,26.13,33.24,26.27,32.37,217.3,62.14,-19.92,3.91,27.73,300.9,155.2,-23.83,"0.31",131.3,444.8,468.6,0.034,0.004,16.45,3.144,1.192,1.005,"1.594094",0.577,255.4,0,"0.534",252.3,0,"0.0"
"58476","2018-08-19 12:15:00",1462,14.18,26.55,26.51,33.71,26.73,32.52,423.2,59.99,-21.72,2.075,28.67,301.8,363.2,-23.79,"0.144",339.4,448.8,472.6,0.033,0.004,16.45,3.142,1.192,1.005,"1.678796",0.455,306.5,0,"0.494",319.9,0,"0.0"
"58477","2018-08-19 12:20:00",1463,14.17,26.95,26.95,33.89,27.22,32.19,581.8,50.67,-25.97,-3.298,29.72,302.9,531.1,-22.67,"0.091",508.4,451.2,473.8,0.033,0.004,16.46,3.142,1.192,1.005,"1.744299",0.653,265.9,0,"0.62",266.2,0,"0.0"
"58478","2018-08-19 12:25:00",1464,14.16,27.41,26.81,32.73,27.15,31.53,227.9,42.95,-34.39,-9.1,30.23,303.4,184.9,-25.3,"0.218",159.6,445.9,471.2,0.033,0.004,16.48,3.143,1.192,1.005,"1.826178",1.05,258.6,0,"0.789",250.7,0,"0.0"
"58479","2018-08-19 12:30:00",1465,14.16,27.69,26.47,33.11,26.79,32.03,193,42.7,-31.34,-7.527,29.81,303,150.3,-23.82,"0.241",126.5,446.3,470.1,0.034,0.004,16.49,3.143,1.192,1.005,"1.89281",0.895,184.2,0,"0.902",220.1,0,"0.0"
"58480","2018-08-19 12:35:00",1466,14.16,27.81,26.5,33.9,26.76,32.36,108.6,39.15,-28.27,-5.107,29.25,302.4,69.41,-23.17,"0.37",46.25,445.8,469,0.033,0.004,16.49,3.142,1.192,1.005,"1.97356",1.108,282.4,0,"0.833",282.6,0,"0.0"
"58481","2018-08-19 12:40:00",1467,14.16,27.87,26.43,33.1,26.95,31.75,140.3,38.12,-26.45,-6.064,28.89,302,102.2,-20.39,"0.296",81.8,445.5,465.8,0.033,0.004,16.51,3.142,1.192,1.005,"2.050356",0.934,235.3,0,"0.789",256.7,0,"0.0"
"58482","2018-08-19 12:45:00",1468,14.16,27.91,26.51,33.64,26.99,32.19,185.2,37.17,-22.87,-4.255,28.68,301.8,148,-18.61,"0.233",129.4,447.7,466.3,0.033,0.004,16.52,3.142,1.192,1.005,"2.129977",0.7,189.8,0,"0.7",218,0,"0.0"
"58483","2018-08-19 12:50:00",1469,14.15,27.94,26.68,33.12,27.1,32,240.2,35.86,-24.38,-5.718,28.7,301.9,204.3,-18.66,"0.2",185.7,446.3,465,0.033,0.004,16.53,3.143,1.192,1.005,"2.218631",1.14,164.1,0,"0.976",168.3,0,"0.0"
"58484","2018-08-19 12:55:00",1470,14.16,27.98,26.52,33.44,26.98,32.2,132.7,36.16,-22.97,-5.159,28.57,301.7,96.5,-17.81,"0.29",78.7,446.9,464.7,0.033,0.004,16.54,3.142,1.192,1.005,"2.294863",1.037,150.7,0,"1.113",161.8,0,"0.0"
"58485","2018-08-19 13:00:00",1471,14.15,27.94,26.59,33.25,27,32.11,113.1,38.32,-21.69,-3.537,28.41,301.6,74.74,-18.15,"0.349",56.58,447.2,465.4,0.033,0.004,16.55,3.143,1.192,1.005,"2.404411",0.69,153.5,0,"0.583",167,0,"0.0"
"58486","2018-08-19 13:05:00",1472,14.15,27.94,26.89,33.35,27.42,31.86,181.4,40.57,-20.36,-1.808,28.48,301.6,140.8,-18.55,"0.253",122.3,449,467.5,0.033,0.004,16.57,3.142,1.192,1.005,"2.500407",0.781,193.7,0,"0.737",199.2,0,"0.0"
"58487","2018-08-19 13:10:00",1473,14.15,27.95,27,32.62,27.48,31.49,114.4,43.75,-21.77,-2.713,28.58,301.7,70.64,-19.05,"0.392",51.59,448.2,467.3,0.033,0.004,16.57,3.142,1.192,1.005,"2.595273",0.829,163.4,0,"0.508",198.5,0,"0.0"
"58488","2018-08-19 13:15:00",1474,14.15,27.98,27.05,33.86,27.5,32.29,196.9,49.11,-19.59,1.17,28.7,301.8,147.8,-20.76,"0.305",127,451.1,471.9,0.033,0.004,16.59,3.142,1.192,1.005,"2.701998",0.974,278.6,0,"0.924",297.1,0,"0.0"
"58489","2018-08-19 13:20:00",1475,14.14,28.03,27.02,32.55,27.47,31.33,225,54.05,-22.64,1.835,28.82,302,170.9,-24.47,"0.349",146.5,448.8,473.3,0.033,0.004,16.6,3.142,1.192,1.005,"2.812676",0.943,279.1,0,"0.861",273.8,0,"0.0"
"58490","2018-08-19 13:25:00",1476,14.12,28.12,27.04,32.74,27.37,31.85,108.1,56.8,-20.41,5.372,28.9,302.1,51.25,-25.78,"0.542",25.47,451.5,477.3,0.033,0.004,16.61,3.143,1.192,1.005,"2.910366",0.691,162.8,0,"0.721",208.3,0,"0.0"
"58491","2018-08-19 13:30:00",1477,14.12,28.23,27.33,32.9,27.74,31.84,432.7,54.75,-22.12,3.723,29.28,302.4,377.9,-25.85,"0.136",352.1,452.2,478,0.033,0.004,16.62,3.144,1.192,1.005,"3.020478",0.69,252.6,0,"0.785",233.8,0,"0.0"
"58492","2018-08-19 13:35:00",1478,14.12,28.32,27.33,33.1,27.7,31.86,131.1,54.5,-24.12,2.58,29.47,302.6,76.63,-26.7,"0.435",49.93,451.4,478.1,0.033,0.004,16.63,3.144,1.192,1.005,"3.137367",1.118,268.6,0,"1.04",274.3,0,"0.0"
"58493","2018-08-19 13:40:00",1479,14.11,28.38,27.14,33.47,27.39,32.5,107.4,52.77,-23.56,3.51,29.38,302.5,54.62,-27.07,"0.514",27.55,451.4,478.5,0.033,0.004,16.66,3.143,1.192,1.005,"3.225457",0.714,188,0,"0.823",185.9,0,"0.0"
"58494","2018-08-19 13:45:00",1480,14.11,28.44,27.29,33.66,27.56,32.74,90.9,51.92,-23.17,4.069,29.31,302.5,38.94,-27.24,"0.573",11.7,451.3,478.6,0.033,0.004,16.65,3.141,1.192,1.005,"3.337264",0.951,172.3,0,"1.054",178.2,0,"0.0"
"58495","2018-08-19 13:50:00",1481,14.1,28.49,27.32,33.86,27.59,33.17,90.7,50.34,-23.07,4.096,29.26,302.4,40.36,-27.17,"0.559",13.2,451.1,478.3,0.033,0.004,16.67,3.143,1.192,1.005,"3.453024",0.956,128.9,0,"1.064",131,0,"0.0"
"58496","2018-08-19 13:55:00",1482,14.1,28.53,27.3,34.57,27.57,33.75,115.9,46.53,-22.97,2.367,29.19,302.3,69.41,-25.34,"0.413",44.07,450.8,476.2,0.033,0.004,16.67,3.141,1.192,1.005,"3.582336",1.248,320.3,0,"1.231",0.752,0,"0.0"
"58497","2018-08-19 14:00:00",1483,14.1,28.54,27.4,35.17,27.67,34.14,91.6,42.8,-20.2,2.42,29.1,302.3,48.76,-22.62,"0.47",26.14,453,475.6,0.033,0.004,16.68,3.142,1.192,1.005,"3.746658",0.652,318.1,0,"0.73",316.6,0,"0.0"
"58498","2018-08-19 14:05:00",1484,14.1,28.58,27.44,34.83,27.64,34.1,105.7,40.14,-23.25,-0.133,29.06,302.2,65.54,-23.12,"0.388",42.42,449.7,472.9,0.033,0.004,16.7,3.143,1.192,1.005,"3.917191",1.249,153.6,0,"1.11",163.2,0,"0.0"
"58499","2018-08-19 14:10:00",1485,14.1,28.59,27.49,35.03,27.69,34.25,78.85,38.77,-20.69,1.596,28.98,302.1,40.08,-22.28,"0.492",17.8,451.7,474,0.033,0.004,16.71,3.143,1.192,1.005,"4.112006",0.816,129.9,0,"0.848",132.3,0,"0.0"
"58500","2018-08-19 14:15:00",1486,14.1,28.6,27.49,35.98,27.71,34.84,85.2,36.79,-20.43,-0.638,29,302.2,48.38,-19.79,"0.433",28.59,452.2,472,0.033,0.004,16.72,3.142,1.192,1.005,"4.335055",0.731,295,0,"0.875",299.7,0,"0.0"
"58501","2018-08-19 14:20:00",1487,14.1,28.63,27.46,35.69,27.68,34.9,80.9,36.16,-22,-1.649,28.92,302.1,44.69,-20.35,"0.448",24.34,450.1,470.4,0.033,0.004,16.73,3.142,1.192,1.005,"4.564881",1.24,218.2,0,"1.198",249.3,0,"0.0"
"58502","2018-08-19 14:25:00",1488,14.1,28.65,27.35,36.5,27.58,35.93,75.78,34.66,-19.72,-0.665,28.79,301.9,41.12,-19.05,"0.458",22.07,451.5,470.6,0.033,0.004,16.75,3.143,1.192,1.005,"4.778895",0.874,283.4,0,"0.923",296.8,0,"0.0"
"58503","2018-08-19 14:30:00",1489,14.1,28.68,27.5,36.29,27.77,35.34,105.9,34.33,-19.69,-0.558,28.74,301.9,71.6,-19.13,"0.342",52.47,451.3,470.4,0.033,0.004,16.77,3.143,1.192,1.005,"5.004202",1.124,177.7,0,"1.05",179.2,0,"0.0"
"58504","2018-08-19 14:35:00",1490,14.1,28.73,27.51,35.86,27.66,35.31,229.6,33.01,-21.48,-3.032,28.83,302,196.6,-18.45,"0.177",178.2,450,468.5,0.033,0.004,16.77,3.143,1.192,1.005,"5.215958",0.854,134.3,0,"0.858",253.5,0,"0.0"
"58505","2018-08-19 14:40:00",1491,14.1,28.77,27.52,36.09,27.68,35.28,148,31.38,-21.3,-1.755,28.89,302,116.7,-19.55,"0.258",97.1,450.6,470.1,0.033,0.004,16.78,3.143,1.192,1.005,"5.412467",0.896,143.4,0,"0.761",153.7,0,"0.0"
"58506","2018-08-19 14:45:00",1492,14.1,28.79,27.72,35.5,27.9,34.74,221.2,29.63,-20.97,-3.696,29.07,302.2,191.6,-17.27,"0.142",174.3,452,469.3,0.033,0.004,16.8,3.143,1.192,1.005,"5.585824",0.823,279.6,0,"0.952",294.2,0,"0.0"
"58507","2018-08-19 14:50:00",1493,14.1,28.79,27.8,34.88,27.87,34.15,214.2,26.65,-22.97,-5.691,29.28,302.4,187.5,-17.28,"0.137",170.3,451.4,468.6,0.033,0.004,16.81,3.142,1.192,1.005,"5.743934",0.764,332.1,0,"0.659",320.8,0,"0.0"
"58508","2018-08-19 14:55:00",1494,14.1,28.79,27.65,35.28,27.72,34.74,96.3,26.27,-22.4,-5.691,29.24,302.4,70,-16.71,"0.288",53.28,451.6,468.4,0.033,0.004,16.83,3.143,1.192,1.005,"5.885669",1.141,308.8,0,"1.04",311.1,0,"0.0"
"58509","2018-08-19 15:00:00",1495,14.1,28.79,27.46,35.5,27.59,35,73.46,26.14,-20.92,-4.76,28.96,302.1,47.32,-16.16,"0.361",31.16,451.4,467.6,0.033,0.004,16.83,3.142,1.192,1.005,"6.0003",0.561,308.9,0,"0.613",291.5,0,"0.0"
"58510","2018-08-19 15:05:00",1496,14.1,28.76,27.65,35.31,27.89,34.34,67.78,27.25,-20.18,-3.67,28.84,302,40.53,-16.51,"0.402",24.02,451.4,467.9,0.033,0.004,16.85,3.142,1.192,1.005,"6.119447",0.884,168.8,0,"0.807",182.5,0,"0.0"
"58511","2018-08-19 15:10:00",1497,14.1,28.73,27.69,35.11,27.96,34.41,67.32,26.72,-19.77,-3.936,28.81,302,40.6,-15.83,"0.399",24.77,451.6,467.4,0.033,0.004,16.87,3.143,1.192,1.005,"6.210926",0.667,279.3,0,"0.671",270,0,"0.0"
"58512","2018-08-19 15:15:00",1498,14.1,28.72,27.68,35.03,27.97,33.98,79.76,26.62,-19.72,-3.457,28.75,301.9,53.14,-16.26,"0.343",36.88,451.3,467.6,0.033,0.004,16.88,3.143,1.192,1.005,"6.288287",1.024,290.8,0,"1.046",289.5,0,"0.0"
"58513","2018-08-19 15:20:00",1499,14.1,28.7,27.67,34.43,27.95,33.77,68.87,26.62,-19.36,-3.351,28.69,301.8,42.25,-16.01,"0.39",26.24,451.3,467.3,0.034,0.004,16.89,3.143,1.192,1.005,"6.358307",1.046,287.9,0,"0.769",252.4,0,"0.0"
"58514","2018-08-19 15:25:00",1500,13.91,28.68,27.64,34.23,28,33.27,61.57,25.37,-19.61,-3.643,28.6,301.8,36.2,-15.97,"0.412",20.23,450.5,466.5,0.033,0.004,16.9,3.142,1.192,1.005,"6.408",0.571,0,0,"0.66",267.9,0,"0.0"
"58515","2018-08-19 15:30:00",1501,13.82,28.66,27.6,34.65,27.88,33.61,57.37,23.22,-20.18,-4.202,28.53,301.7,34.15,-15.98,"0.405",18.18,449.5,465.4,0.033,0.004,16.91,3.143,1.192,1.005,"6.452608",0.984,167.3,0,"0.813",255.2,0,"0.0"
"58516","2018-08-19 15:35:00",1502,13.82,28.66,27.54,34.85,27.82,33.98,66.89,20.51,-19.67,-4.893,28.44,301.6,46.38,-14.77,"0.312",31.61,449.4,464.2,0.033,0.004,16.93,3.143,1.192,1.005,"6.488184",0.678,191.8,0,"0.638",224.2,0,"0.0"
"58517","2018-08-19 15:40:00",1503,13.83,28.65,27.52,35.33,27.75,34.47,56.05,18.08,-18.92,-5.239,28.44,301.6,37.97,-13.68,"0.323",24.28,450.1,463.8,0.033,0.004,16.94,3.142,1.192,1.005,"6.509076",0.571,170.2,0,"0.497",170.3,0,"0.0"
"58518","2018-08-19 15:45:00",1504,13.83,28.61,27.54,35.72,27.84,34.55,50.32,16.88,-18.31,-5.239,28.38,301.5,33.44,-13.07,"0.335",20.37,450.4,463.5,0.033,0.004,16.95,3.143,1.192,1.005,"6.523194",0.623,283.2,0,"0.668",277.6,0,"0.0"
"58519","2018-08-19 15:50:00",1505,13.82,28.59,27.52,35.54,27.94,34.09,49.18,15.95,-18.74,-5.585,28.3,301.5,33.23,-13.16,"0.325",20.07,449.5,462.6,0.033,0.004,16.96,3.143,1.192,1.005,"6.537311",0.82,266.6,0,"0.676",0,0,"0.0"
"58520","2018-08-19 15:55:00",1506,13.83,28.54,27.39,35.82,27.82,34.3,44.95,14.4,-18.74,-5.664,28.18,301.3,30.55,-13.08,"0.32",17.47,448.7,461.8,0.033,0.004,16.96,3.142,1.192,1.005,"6.546911",0.778,304.1,0,"0.962",305.1,0,"0.0"
"58521","2018-08-19 16:00:00",1507,13.83,28.49,27.39,35.6,27.74,34.08,37.08,11.59,-19.43,-6.435,28.09,301.2,25.49,-13,"0.313",12.49,447.5,460.5,0.033,0.004,16.99,3.143,1.192,1.005,"6.551428",0.458,224.8,0,"0.708",250.8,0,"0.0"
"58522","2018-08-19 16:05:00",1508,13.83,28.43,27.23,35.43,27.56,34.2,32.22,9.69,-19.74,-7.047,27.95,301.1,22.53,-12.69,"0.301",9.83,446.3,459,0.033,0.004,16.99,3.143,1.192,1.005,"6.540134",0.433,0,0,"0.445",244.1,0,"0.0"
"58523","2018-08-19 16:10:00",1509,13.83,28.35,27.15,35.79,27.46,34.28,34.83,11.19,-18.67,-6.329,27.83,301,23.64,-12.34,"0.321",11.3,446.6,459,0.033,0.004,17.01,3.142,1.192,1.005,"6.542394",0.594,148.2,0,"0.6",149.6,0,"0.0"
"58524","2018-08-19 16:15:00",1510,13.83,28.27,27.06,35.77,27.41,34.47,37.88,12.37,-18.39,-6.489,27.72,300.9,25.51,-11.9,"0.326",13.61,446.2,458.1,0.033,0.004,17,3.142,1.192,1.005,"6.525453",0.576,220.2,0,"0.624",244.5,0,"0.0"
"58525","2018-08-19 16:20:00",1511,13.83,28.19,27.12,35.65,27.4,34.67,38.04,12.65,-18.13,-5.266,27.67,300.8,25.39,-12.86,"0.332",12.53,446.2,459,0.033,0.004,17.02,3.141,1.192,1.005,"6.510771",0.448,310.1,0,"0.443",288.4,0,"0.0"
"58526","2018-08-19 16:25:00",1512,13.83,28.11,27.1,36.09,27.39,35.18,36.81,12.15,-18,-5.718,27.63,300.8,24.67,-12.28,"0.329",12.38,446,458.3,0.033,0.004,17.03,3.142,1.192,1.005,"6.498348",0.411,226.2,0,"0.439",252.4,0,"0.0"
"58527","2018-08-19 16:30:00",1513,13.83,28.04,27,36.58,27.26,35.4,32.65,10.49,-18.36,-6.01,27.54,300.7,22.16,-12.35,"0.321",9.81,445.2,457.5,0.033,0.004,17.06,3.142,1.192,1.005,"6.481408",0.971,245.8,0,"0.855",262.5,0,"0.0"
"58528","2018-08-19 16:35:00",1514,13.83,27.97,26.99,35.65,27.28,34.77,39.31,13.57,-17.46,-5,27.47,300.6,25.74,-12.46,"0.345",13.28,445.6,458.1,0.033,0.004,17.05,3.142,1.192,1.005,"6.463338",0.307,216.4,0,"0.387",0,0,"0.0"
"58529","2018-08-19 16:40:00",1515,13.84,27.91,26.9,38.29,27.26,35.89,44.27,14.03,-17.39,-6.037,27.47,300.6,30.25,-11.35,"0.317",18.9,445.7,457,0.033,0.004,17.06,3.142,1.192,1.005,"6.439056",0.362,262.3,0,"0.513",283.7,0,"0.0"
"58530","2018-08-19 16:45:00",1516,13.83,27.84,26.66,37.79,27.23,35.1,41.07,12.92,-16.85,-5.745,27.36,300.5,28.14,-11.11,"0.315",17.04,445.6,456.7,0.033,0.004,17.07,3.142,1.192,1.005,"6.417599",0.863,329.5,0,"0.83",333.2,0,"0.0"
"58531","2018-08-19 16:50:00",1517,13.83,27.78,26.78,37.68,27.23,35.31,39.36,12.5,-16.98,-5.612,27.33,300.5,26.86,-11.37,"0.317",15.5,445.2,456.6,0.033,0.004,17.07,3.142,1.192,1.005,"6.388236",0.503,280.1,0,"0.565",297.7,0,"0.0"
"58532","2018-08-19 16:55:00",1518,13.83,27.72,26.41,39.32,27.09,35.86,32.56,8.92,-17.67,-7.686,27.19,300.3,23.65,-9.98,"0.273",13.66,443.7,453.7,0.033,0.004,17.07,3.142,1.192,1.005,"6.354919",0.803,306.6,0,"0.776",303.6,0,"0.0"
"58533","2018-08-19 17:00:00",1519,13.83,27.65,26.47,36.84,27.05,35.04,36.09,11.15,-16.39,-4.947,27.07,300.2,24.94,-11.44,"0.308",13.5,444.2,455.7,0.033,0.004,17.09,3.142,1.192,1.005,"6.323862",0.355,0,0,"0.546",297.3,0,"0.0"
"58534","2018-08-19 17:05:00",1520,13.84,27.58,26.64,36.63,27.04,35.37,34.61,10.92,-16.8,-4.92,27.08,300.2,23.69,-11.88,"0.316",11.81,443.9,455.8,0.033,0.004,17.1,3.143,1.192,1.005,"6.29111",0.613,313.9,0,"0.768",301.4,0,"0.0"
"58535","2018-08-19 17:10:00",1521,13.83,27.48,26.64,37.12,27,35.95,31.7,9.84,-17.16,-5.452,27.06,300.2,21.86,-11.71,"0.31",10.15,443.4,455.1,0.033,0.004,17.1,3.141,1.192,1.005,"6.262312",0.447,236.2,0,"0.499",264.2,0,"0.0"
"58536","2018-08-19 17:15:00",1522,13.83,27.43,26.61,37.9,26.99,35.96,30.13,9.24,-16.88,-5.904,27.02,300.2,20.89,-10.97,"0.307",9.92,443.4,454.4,0.033,0.004,17.12,3.141,1.192,1.005,"6.234642",0.255,0,0,"0.286",0,0,"0.0"
"58537","2018-08-19 17:20:00",1523,13.83,27.37,25.96,43.34,26.92,36.9,25.54,6.061,-18.18,-10.88,26.82,300,19.48,-7.304,"0.237",12.17,440.9,448.2,0.033,0.004,17.12,3.142,1.192,1.005,"6.202456",0.361,233.4,0,"0.44",276.7,0,"0.0"
"58538","2018-08-19 17:25:00",1524,13.85,27.28,25.66,44.98,26.78,38.51,23.49,5.535,-18.03,-9.65,26.55,299.7,17.95,-8.37,"0.235",9.58,439.4,447.8,0.033,0.004,17.13,3.141,1.192,1.005,"6.173656",0.289,268.9,0,"0.296",272.5,0,"0.0"
"58539","2018-08-19 17:30:00",1525,13.87,27.16,25.16,47.22,26.44,39.12,20.28,4.258,-16.88,-9.92,26.25,299.4,16.03,-6.956,"0.21",9.07,438.7,445.7,0.033,0.004,17.13,3.141,1.192,1.005,"6.142034",0.366,0,0,"0.45",272,0,"0.0"
"58540","2018-08-19 17:35:00",1526,13.89,27.03,24.88,49.31,26.18,42.16,18.08,3.657,-18.87,-10.69,25.96,299.1,14.42,-8.18,"0.201",6.24,434.9,443.1,0.033,0.004,17.16,3.141,1.192,1.006,"6.128482",0.22,0,0,"0.225",242.3,0,"0.0"
"58541","2018-08-19 17:40:00",1527,13.86,26.86,24.43,51.17,25.74,43.53,14.92,2.555,-17.67,-10.69,25.62,298.8,12.36,-6.978,"0.171",5.385,434.1,441.1,0.033,0.004,17.15,3.142,1.192,1.005,"6.074838",0.23,0,0,"0.299",0,0,"0.0"
"58542","2018-08-19 17:45:00",1528,13.74,26.68,24.14,52.05,25.26,44.29,12.87,2.104,-17.64,-10.37,25.3,298.4,10.77,-7.272,"0.163",3.495,432.2,439.5,0.033,0.004,17.16,3.142,1.192,1.005,"6.059026",0.226,0,0,"0.255",0,0,"0.0"
"58543","2018-08-19 17:50:00",1529,13.66,26.47,23.7,53.23,24.91,44.97,10.94,1.528,-17.23,-9.97,24.95,298.1,9.41,-7.261,"0.139",2.149,430.5,437.8,0.033,0.004,17.16,3.142,1.192,1.005,"6.018934",0.258,219.8,0,"0.252",237.5,0,"0.0"
"58544","2018-08-19 17:55:00",1530,13.61,26.26,23.43,51.93,24.58,44.74,9.12,1.302,-15.83,-8.91,24.62,297.8,7.816,-6.916,"0.143",0.9,429.9,436.8,0.033,0.004,17.16,3.142,1.192,1.005,"5.985053",0.337,143.5,0,"0.234",0,0,"0.0"
"58545","2018-08-19 18:00:00",1531,13.56,26.04,23.13,53.24,24.32,45.13,7.004,0.526,-14.96,-8.54,24.3,297.4,6.478,-6.418,"0.073",0.06,428.9,435.3,0.033,0.004,17.16,3.141,1.192,1.005,"5.960772",0.216,0,0,"0.232",237.8,0,"0.0"
"58546","2018-08-19 18:05:00",1532,13.51,25.82,22.97,53.01,24.17,45.98,4.821,0,-15.08,-8.19,24.02,297.2,4.821,-6.892,"-0.01",-2.071,427.1,434,0.033,0.004,17.18,3.142,1.192,1.005,"5.918421",0.194,152.8,0,"0.136",266.6,0,"0.0"
"58547","2018-08-19 18:10:00",1533,13.45,25.59,22.9,53.23,24,46.11,2.774,-0.551,-13.27,-7.527,23.78,296.9,3.325,-5.738,"-0.244",-2.413,427.5,433.2,0.033,0.004,17.18,3.142,1.192,1.005,"5.872682",0.266,188.4,0,"0.363",225.2,0,"0.0"
"58548","2018-08-19 18:15:00",1534,13.39,25.37,22.65,52.79,23.82,46.64,1.455,-1.002,-12.96,-7.607,23.52,296.7,2.457,-5.351,"-0.699",-2.894,426.3,431.6,0.033,0.004,17.18,3.142,1.192,1.005,"5.839366",0.228,167.3,0,"0.27",229.7,0,"0.0"
"58549","2018-08-19 18:20:00",1535,13.35,25.14,22.49,52.75,23.71,46.91,1.16,-0.751,-12.01,-6.942,23.28,296.4,1.911,-5.069,"-0.661",-3.158,425.8,430.9,0.033,0.004,17.19,3.142,1.192,1.005,"5.811132",0.25,0,0,"0.264",0,0,"0.0"
"58550","2018-08-19 18:25:00",1536,13.33,24.93,22.35,53.4,23.51,47.7,0.637,-0.776,-11.98,-6.702,23.06,296.2,1.413,-5.283,"-1.294",-3.869,424.5,429.8,0.033,0.004,17.2,3.142,1.192,1.005,"5.765957",0.256,180.7,0,"0.279",0,0,"0.0"
"58551","2018-08-19 18:30:00",1537,13.31,24.72,22.15,54.55,23.33,48.36,-0.114,-1.052,-12.39,-6.649,22.85,296,0.938,-5.745,"NULL",-4.807,422.8,428.6,0.033,0.004,17.2,3.143,1.192,1.005,"5.711748",0.214,167.2,0,"0.184",242.7,0,"0.0"
"58552","2018-08-19 18:35:00",1538,13.3,24.51,21.97,54.8,23.2,48.66,-0.637,-1.152,-11.83,-6.49,22.64,295.8,0.515,-5.342,"1.964",-4.826,422.2,427.6,0.033,0.004,17.2,3.142,1.192,1.005,"5.676173",0.233,173.7,0,"0.277",240.2,0,"0.0"
"58553","2018-08-19 18:40:00",1539,13.29,24.31,21.76,55.66,23.07,49.2,-0.978,-1.102,-11.73,-6.25,22.43,295.6,0.124,-5.479,"1.145",-5.354,421.1,426.5,0.033,0.004,17.21,3.142,1.192,1.005,"5.634951",0.174,0,0,"0.264",259,0,"0.0"
"58554","2018-08-19 18:45:00",1540,13.29,24.12,21.64,56.51,22.88,49.76,-1.137,-0.927,-11.14,-5.958,22.23,295.4,-0.21,-5.182,"0.815",-5.392,420.5,425.7,0.033,0.004,17.22,3.142,1.192,1.005,"5.588647",0.29,0,0,"0.285",242.7,0,"0.0"
"58555","2018-08-19 18:50:00",1541,13.29,23.93,21.44,57.28,22.79,49.93,-1.387,-1.102,-10.83,-5.665,22.04,295.2,-0.285,-5.167,"0.797",-5.452,419.7,424.9,0.033,0.004,17.21,3.143,1.192,1.005,"5.538391",0.269,176.3,0,"0.262",249.8,0,"0.0"
"58556","2018-08-19 18:55:00",1542,13.28,23.75,21.31,57.56,22.68,50.33,-1.342,-1.002,-10.86,-5.426,21.87,295,-0.34,-5.432,"0.749",-5.772,418.7,424.1,0.033,0.004,17.21,3.142,1.192,1.005,"5.483617",0.244,186.7,0,"0.322",251.8,0,"0.0"
"58557","2018-08-19 19:00:00",1543,13.28,23.56,21.18,58.14,22.54,50.82,-1.364,-0.952,-10.53,-5.186,21.7,294.9,-0.413,-5.339,"0.698",-5.751,418,423.4,0.033,0.004,17.23,3.143,1.192,1.005,"5.424325",0.212,175.9,0,"0.318",248,0,"0.0"
"58558","2018-08-19 19:05:00",1544,13.27,23.38,21.09,58.88,22.39,51.39,-1.319,-0.751,-10.76,-5.08,21.54,294.7,-0.568,-5.676,"0.573",-6.243,416.9,422.5,0.033,0.004,17.23,3.142,1.192,1.005,"5.378021",0.165,0,0,"0.359",270.1,0,"0.0"
"58559","2018-08-19 19:10:00",1545,13.27,23.2,20.91,59.81,22.14,51.99,-1.342,-0.877,-9.63,-4.761,21.37,294.5,-0.465,-4.868,"0.656",-5.333,417,421.9,0.033,0.004,17.23,3.142,1.192,1.005,"5.295013",0.332,236.4,0,"0.257",264.9,0,"0.0"
"58560","2018-08-19 19:15:00",1546,13.27,23.04,20.76,59.94,22.15,51.72,-1.137,-0.902,-7.529,-4.096,21.23,294.4,-0.235,-3.433,"0.793",-3.668,418.3,421.7,0.033,0.004,17.22,3.143,1.192,1.005,"5.258309",0.318,181.1,0,"0.379",243.3,0,"0.0"
"58561","2018-08-19 19:20:00",1547,13.27,22.88,20.6,60.73,22.06,52.49,-0.932,-1.077,-7.58,-3.936,21.08,294.2,0.145,-3.644,"1.212",-3.499,417.4,421,0.034,0.004,17.23,3.143,1.192,1.005,"5.195629",0.627,310.1,0,"0.566",299.1,0,"0.0"
"58562","2018-08-19 19:25:00",1548,13.27,22.73,20.4,61.77,21.63,54.36,-1.296,-1.052,-9.81,-4.335,20.91,294.1,-0.244,-5.473,"0.827",-5.717,414.2,419.6,0.033,0.004,17.23,3.143,1.192,1.005,"5.140855",0.438,226.7,0,"0.404",278.7,0,"0.0"
"58563","2018-08-19 19:30:00",1549,13.27,22.57,20.3,61.55,21.65,54.07,-0.887,-0.701,-7.913,-3.75,20.76,293.9,-0.186,-4.163,"0.804",-4.349,415.2,419.4,0.033,0.004,17.23,3.143,1.192,1.005,"5.07874",0.265,215.7,0,"0.269",289.7,0,"0.0"
"58564","2018-08-19 19:35:00",1550,13.26,22.41,20.14,62.33,21.52,54.83,-1.092,-0.877,-9.07,-3.936,20.63,293.8,-0.215,-5.129,"0.804",-5.344,413.3,418.4,0.033,0.004,17.23,3.142,1.192,1.005,"5.02453",0.173,287.3,0,"0.37",276.8,0,"0.0"
"58565","2018-08-19 19:40:00",1551,13.26,22.26,20.05,63.4,21.25,56.18,-1.069,-0.751,-10.14,-3.99,20.51,293.7,-0.317,-6.152,"0.71",-6.469,411.5,417.7,0.033,0.004,17.24,3.142,1.192,1.005,"4.957326",0.207,0,0,"0.384",274,0,"0.0"
"58566","2018-08-19 19:45:00",1552,13.26,22.13,19.97,64.31,21.02,57.02,-1.137,-0.701,-10.17,-3.857,20.37,293.5,-0.436,-6.31,"0.617",-6.746,410.7,417,0.033,0.004,17.24,3.143,1.192,1.005,"4.894635",0.117,0,0,"0.298",285.5,0,"0.0"
"58567","2018-08-19 19:50:00",1553,13.26,21.98,19.87,65.09,20.81,57.86,-1.228,-0.801,-10.45,-4.043,20.23,293.4,-0.426,-6.406,"0.646",-6.832,409.6,416,0.033,0.004,17.23,3.143,1.192,1.005,"4.831941",0.147,206.5,0,"0.337",276.1,0,"0.0"
"58568","2018-08-19 19:55:00",1554,13.26,21.85,19.73,64.93,20.62,58.57,-1.273,-0.801,-10.19,-4.016,20.09,293.2,-0.472,-6.176,"0.631",-6.648,409.1,415.3,0.033,0.004,17.23,3.143,1.192,1.005,"4.780536",0.111,0,0,"0.333",279.3,0,"0.0"
"58569","2018-08-19 20:00:00",1555,13.26,21.71,19.64,65.53,20.5,59.91,-1.001,-0.576,-10.12,-3.644,19.96,293.1,-0.424,-6.472,"0.573",-6.896,408.4,414.9,0.033,0.004,17.24,3.142,1.192,1.005,"4.701446",0.119,0,0,"0.287",296.2,0,"0.0"
"58570","2018-08-19 20:05:00",1556,13.25,21.58,19.51,65.48,20.25,60.54,-1.137,-0.751,-10.32,-3.83,19.83,293,-0.386,-6.491,"0.661",-6.876,407.5,413.9,0.033,0.004,17.24,3.143,1.192,1.005,"4.638718",0.083,0,0,"0.228",262.5,0,"0.0"
"58571","2018-08-19 20:10:00",1557,13.25,21.44,19.37,65.42,20.07,61.33,-1.296,-0.676,-10.27,-3.697,19.7,292.8,-0.62,-6.572,"0.525",-7.192,406.7,413.3,0.033,0.004,17.23,3.142,1.192,1.005,"4.578232",0.159,161.6,0,"0.207",266.8,0,"0.0"
"58572","2018-08-19 20:15:00",1558,13.25,21.31,19.23,66.62,19.96,61.76,-0.887,-0.426,-9.48,-3.059,19.56,292.7,-0.461,-6.417,"0.474",-6.878,406.8,413.2,0.033,0.004,17.22,3.142,1.192,1.005,"4.512662",0.154,147.6,0,"0.166",275.4,0,"0.0"
"58573","2018-08-19 20:20:00",1559,13.25,21.18,19.13,67.3,19.89,62.27,-0.978,-0.526,-9.71,-3.298,19.44,292.6,-0.452,-6.408,"0.547",-6.86,405.9,412.3,0.033,0.004,17.22,3.143,1.192,1.005,"4.449922",0.185,182.9,0,"0.216",271.5,0,"0.0"
"58574","2018-08-19 20:25:00",1560,13.25,21.04,19.02,67.04,19.84,62.23,-0.887,-0.426,-8.53,-2.713,19.34,292.5,-0.461,-5.815,"0.474",-6.276,406.5,412.3,0.033,0.004,17.21,3.141,1.192,1.006,"4.370242",0.215,146.1,0,"0.201",270.6,0,"0.0"
"58575","2018-08-19 20:30:00",1561,13.25,20.91,18.96,67.67,19.84,62.82,-0.773,-0.276,-8.45,-2.713,19.22,292.4,-0.498,-5.738,"0.358",-6.236,405.8,411.6,0.033,0.004,17.21,3.142,1.192,1.005,"4.326147",0.173,144,0,"0.212",278.8,0,"0.0"
"58576","2018-08-19 20:35:00",1562,13.25,20.78,18.93,67.86,19.82,62.75,-0.5,-0.2,-7.299,-2.367,19.15,292.3,-0.3,-4.932,"0.404",-5.232,406.6,411.5,0.033,0.004,17.22,3.142,1.192,1.005,"4.208659",0.243,155.1,0,"0.211",261.5,0,"0.0"
"58577","2018-08-19 20:40:00",1563,13.25,20.67,18.91,68.05,19.94,62.29,-0.364,-0.225,-6.556,-2.101,19.08,292.2,-0.138,-4.455,"0.698",-4.593,406.9,411.4,0.033,0.004,17.22,3.142,1.192,1.005,"4.19619",0.3,144.5,0,"0.245",235.5,0,"0.0"
"58578","2018-08-19 20:45:00",1564,13.25,20.58,18.83,68.59,20.04,62.04,-0.432,-0.225,-6.71,-2.234,19.02,292.2,-0.207,-4.476,"0.496",-4.682,406.4,410.9,0.033,0.004,17.22,3.141,1.192,1.005,"4.119364",0.191,170.9,0,"0.3",279.5,0,"0.0"
"58579","2018-08-19 20:50:00",1565,13.24,20.46,18.8,68.39,20.12,61.74,-0.114,0.025,-5.968,-1.41,18.95,292.1,-0.139,-4.558,"NULL",-4.697,406.8,411.4,0.033,0.004,17.2,3.142,1.192,1.005,"4.068517",0.195,0,0,"0.253",290.3,0,"0.0"
"58580","2018-08-19 20:55:00",1566,13.24,20.37,18.81,68.99,20.24,61.36,-0.205,0.05,-6.275,-1.862,18.94,292.1,-0.255,-4.413,"NULL",-4.668,406.4,410.8,0.033,0.004,17.22,3.143,1.192,1.005,"4.018804",0.216,191.8,0,"0.271",0,0,"0.0"
"58581","2018-08-19 21:00:00",1567,13.24,20.28,18.85,68.66,20.27,61.19,0.159,0.2,-5.814,-1.144,18.93,292.1,-0.041,-4.67,"NULL",-4.711,406.8,411.5,0.034,0.004,17.21,3.143,1.192,1.005,"3.926188",0.231,159.7,0,"0.193",258.2,0,"0.0"
"58582","2018-08-19 21:05:00",1568,13.25,20.21,18.92,68.46,20.4,60.78,0.159,0.301,-5.686,-1.064,18.92,292.1,-0.141,-4.622,"NULL",-4.763,406.9,411.5,0.033,0.004,17.21,3.142,1.192,1.005,"3.878182",0.169,0,0,"0.288",326.4,0,"0.0"
"58583","2018-08-19 21:10:00",1569,13.24,20.15,18.95,69.52,20.49,60.56,-0.023,0.2,-6.915,-1.782,18.91,292.1,-0.223,-5.133,"NULL",-5.356,405.6,410.8,0.033,0.004,17.2,3.142,1.192,1.005,"3.80816",0.198,172.1,0,"0.192",0,0,"0.0"
"58584","2018-08-19 21:15:00",1570,13.24,20.08,18.85,70.15,20.36,61.11,-0.318,-0.1,-7.53,-2.022,18.83,292,-0.218,-5.508,"0.22",-5.726,404.6,410.1,0.033,0.004,17.19,3.142,1.192,1.005,"3.754515",0.215,0,0,"0.166",319.1,0,"0.0"
"58585","2018-08-19 21:20:00",1571,13.24,20.03,18.83,70.31,20.25,61.54,-0.227,0,-7.581,-2.261,18.8,291.9,-0.227,-5.32,"NULL",-5.547,404.3,409.6,0.033,0.004,17.19,3.142,1.192,1.005,"3.694098",0.126,0,0,"0.272",300.3,0,"0.0"
"58586","2018-08-19 21:25:00",1572,13.24,19.96,18.72,69.38,20.06,62.21,-0.341,-0.05,-7.632,-2.101,18.72,291.9,-0.291,-5.531,"NULL",-5.822,403.8,409.4,0.033,0.004,17.19,3.142,1.192,1.005,"3.634246",0.201,0,0,"0.213",0,0,"0.0"
"58587","2018-08-19 21:30:00",1573,13.24,19.9,18.61,70.06,19.94,62.71,-0.5,-0.175,-8.17,-2.261,18.67,291.8,-0.325,-5.909,"0.294",-6.234,403,408.9,0.033,0.004,17.19,3.142,1.192,1.005,"3.572703",0.223,112.7,0,"0.146",6.51,0,"0.0"
"58588","2018-08-19 21:35:00",1574,13.24,19.82,18.43,71.99,19.78,63.82,-0.978,-0.426,-9.19,-2.899,18.59,291.7,-0.552,-6.295,"0.422",-6.847,401.5,407.8,0.033,0.004,17.18,3.141,1.192,1.005,"3.520758",0.2,171.7,0,"0.176",163.3,0,"0.0"
"58589","2018-08-19 21:40:00",1575,13.24,19.76,18.29,72.5,19.48,64.88,-1.092,-0.576,-10.12,-3.006,18.48,291.6,-0.516,-7.111,"0.529",-7.626,400,407.1,0.033,0.004,17.17,3.143,1.192,1.005,"3.446796",0.173,0,0,"0.202",0,0,"0.0"
"58590","2018-08-19 21:45:00",1576,13.24,19.67,18.16,72.22,19.08,66.13,-1.001,-0.476,-10.35,-2.793,18.35,291.5,-0.525,-7.554,"0.463",-8.08,399,406.6,0.033,0.004,17.16,3.142,1.192,1.005,"3.404452",0.16,0,0,"0.232",0,0,"0.0"
"58591","2018-08-19 21:50:00",1577,13.24,19.59,18.06,72.65,18.91,66.74,-1.069,-0.476,-10.6,-2.926,18.25,291.4,-0.593,-7.677,"0.431",-8.27,398.2,405.9,0.033,0.004,17.16,3.143,1.192,1.005,"3.337831",0.206,0,0,"0.173",0,0,"0.0"
"58592","2018-08-19 21:55:00",1578,13.23,19.5,17.9,72.94,18.8,66.9,-0.932,-0.376,-9.14,-2.447,18.13,291.3,-0.557,-6.696,"0.398",-7.253,399,405.7,0.033,0.004,17.16,3.142,1.192,1.005,"3.294921",0.307,157.4,0,"0.285",191.6,0,"0.0"
"58593","2018-08-19 22:00:00",1579,13.23,19.4,17.83,73.55,18.72,67.44,-1.001,-0.501,-9.68,-2.607,18.03,291.2,-0.5,-7.074,"0.492",-7.574,397.9,405,0.033,0.004,17.16,3.143,1.192,1.005,"3.240713",0.14,182.2,0,"0.215",221.2,0,"0.0"
"58594","2018-08-19 22:05:00",1580,13.23,19.31,17.72,73.69,18.52,68.16,-1.001,-0.351,-9.76,-2.5,17.92,291.1,-0.65,-7.258,"0.347",-7.907,397.2,404.5,0.033,0.004,17.16,3.143,1.192,1.005,"3.187069",0.143,212,0,"0.176",0,0,"0.0"
"58595","2018-08-19 22:10:00",1581,13.23,19.22,17.62,73.63,18.39,68.43,-0.955,-0.351,-9.09,-2.421,17.8,291,-0.604,-6.671,"0.36",-7.276,397.2,403.9,0.033,0.004,17.16,3.141,1.192,1.005,"3.13625",0.174,0,0,"0.223",258.4,0,"0.0"
"58596","2018-08-19 22:15:00",1582,13.23,19.12,17.55,74.06,18.41,68.53,-0.682,-0.25,-7.94,-1.995,17.71,290.9,-0.432,-5.945,"0.367",-6.376,397.9,403.8,0.033,0.004,17.14,3.143,1.192,1.005,"3.085434",0.174,162.1,0,"0.259",261.2,0,"0.0"
"58597","2018-08-19 22:20:00",1583,13.23,19.03,17.43,74.46,18.36,68.85,-0.841,-0.25,-8.3,-2.128,17.63,290.8,-0.591,-6.17,"0.303",-6.761,397.1,403.2,0.033,0.004,17.14,3.141,1.192,1.005,"3.034056",0.165,145,0,"0.223",293.5,0,"0.0"
"58598","2018-08-19 22:25:00",1584,13.22,18.94,17.36,74.71,18.28,69.23,-0.682,-0.25,-8.04,-1.889,17.53,290.7,-0.432,-6.154,"0.367",-6.585,396.8,402.9,0.033,0.004,17.15,3.142,1.192,1.005,"3.003006",0.164,0,0,"0.262",262.2,0,"0.0"
"58599","2018-08-19 22:30:00",1585,13.22,18.85,17.3,75.1,18.29,69.17,-0.569,-0.1,-7.965,-1.516,17.48,290.6,-0.468,-6.449,"0.147",-6.917,396.6,403,0.033,0.004,17.13,3.143,1.192,1.005,"2.930178",0.298,141.9,0,"0.176",0,0,"0.0"
"58600","2018-08-19 22:35:00",1586,13.22,18.77,17.35,75.19,18.29,69.32,-0.205,0.15,-7.683,-1.197,17.41,290.6,-0.355,-6.486,"NULL",-6.841,396.5,402.9,0.033,0.004,17.13,3.142,1.192,1.005,"2.877673",0.243,172.7,0,"0.192",284.1,0,"0.0"
"58601","2018-08-19 22:40:00",1587,13.22,18.69,17.26,75.3,18.26,69.6,-0.5,-0.1,-7.479,-1.41,17.39,290.5,-0.4,-6.069,"0.147",-6.469,396.5,402.6,0.033,0.004,17.12,3.142,1.192,1.005,"2.826292",0.268,162.2,0,"0.275",254.6,0,"0.0"
"58602","2018-08-19 22:45:00",1588,13.22,18.61,17.21,75.66,18.26,69.7,-0.5,-0.075,-7.504,-1.436,17.31,290.5,-0.425,-6.068,"0.11",-6.493,396.1,402.1,0.033,0.004,17.12,3.143,1.192,1.005,"2.781114",0.235,0,0,"0.233",262.5,0,"0.0"
"58603","2018-08-19 22:50:00",1589,13.22,18.54,17.2,75.83,18.26,69.82,-0.296,0.125,-7.095,-1.037,17.29,290.4,-0.421,-6.057,"-0.551",-6.478,396.4,402.5,0.033,0.004,17.1,3.143,1.192,1.005,"2.722382",0.147,144.5,0,"0.212",0,0,"0.0"
"58604","2018-08-19 22:55:00",1590,13.22,18.47,17.15,76.21,18.34,69.65,-0.364,-0.05,-7.171,-1.277,17.24,290.4,-0.314,-5.895,"0.0",-6.208,396,401.9,0.033,0.004,17.11,3.142,1.192,1.005,"2.673815",0.236,199.3,0,"0.237",261,0,"0.0"
"58605","2018-08-19 23:00:00",1591,13.21,18.4,17.07,76.8,18.2,70.56,-0.591,-0.15,-7.479,-1.277,17.18,290.3,-0.441,-6.202,"0.22",-6.643,395.4,401.6,0.033,0.004,17.1,3.141,1.192,1.005,"2.641627",0.133,306.8,0,"0.293",294.7,0,"0.0"
"58606","2018-08-19 23:05:00",1592,13.21,18.34,17.05,77.24,18.21,70.62,-0.318,0.15,-7.197,-0.958,17.11,290.3,-0.469,-6.24,"-0.661",-6.708,395.3,401.5,0.033,0.004,17.1,3.143,1.192,1.005,"2.578394",0.142,292,0,"0.27",307.4,0,"0.0"
"58607","2018-08-19 23:10:00",1593,13.21,18.28,17.02,78.15,18.14,71.22,-0.614,-0.075,-7.889,-1.25,17.09,290.2,-0.539,-6.639,"0.092",-7.177,394.5,401.1,0.033,0.004,17.1,3.142,1.192,1.005,"2.523634",0.116,226.4,0,"0.317",269.4,0,"0.0"
"58608","2018-08-19 23:15:00",1594,13.21,18.23,16.91,78.94,17.91,72.25,-0.66,-0.125,-8.25,-1.357,17.01,290.2,-0.534,-6.891,"0.165",-7.425,393.7,400.6,0.033,0.004,17.09,3.142,1.192,1.005,"2.473951",0.266,286.5,0,"0.281",294.7,0,"0.0"
"58609","2018-08-19 23:20:00",1595,13.21,18.15,16.87,79.17,17.82,72.76,-0.5,0.075,-8.2,-1.144,16.97,290.1,-0.576,-7.052,"-0.22",-7.628,393.5,400.6,0.033,0.004,17.09,3.143,1.192,1.005,"2.436117",0.176,0,0,"0.278",285.9,0,"0.0"
"58610","2018-08-19 23:25:00",1596,13.21,18.08,16.84,79.71,17.67,73.54,-0.637,0.05,-8.84,-1.383,16.89,290,-0.687,-7.453,"-0.11",-8.14,392.4,399.9,0.033,0.004,17.09,3.142,1.192,1.005,"2.40223",0.142,0,0,"0.295",262.9,0,"0.0"
"58611","2018-08-19 23:30:00",1597,13.21,18.02,16.73,80.3,17.5,74.54,-0.705,-0.125,-8.76,-1.277,16.85,290,-0.58,-7.483,"0.174",-8.06,392.2,399.7,0.033,0.004,17.08,3.143,1.192,1.005,"2.332212",0.199,218.5,0,"0.189",265.6,0,"0.0"
"58612","2018-08-19 23:35:00",1598,13.21,17.95,16.61,81,17.35,75.39,-0.819,-0.2,-9.02,-1.277,16.77,289.9,-0.618,-7.739,"0.239",-8.36,391.5,399.3,0.033,0.004,17.06,3.142,1.192,1.005,"2.288172",0.224,204.3,0,"0.254",0,0,"0.0"
"58613","2018-08-19 23:40:00",1599,13.21,17.89,16.51,81.3,17.22,76.03,-0.842,-0.251,-9.27,-1.33,16.67,289.8,-0.591,-7.942,"0.303",-8.53,390.8,398.7,0.033,0.004,17.07,3.142,1.192,1.005,"2.242444",0.136,0,0,"0.252",272.4,0,"0.0"
"58614","2018-08-19 23:45:00",1600,13.2,17.82,16.43,81.3,17.14,76.45,-0.796,-0.075,-8.73,-1.303,16.6,289.7,-0.721,-7.431,"0.083",-8.15,390.9,398.3,0.033,0.004,17.06,3.142,1.192,1.005,"2.222688",0.227,182.7,0,"0.18",0,0,"0.0"
"58615","2018-08-19 23:50:00",1601,13.2,17.75,16.38,81.4,17.07,76.74,-0.637,0.025,-7.991,-0.904,16.55,289.7,-0.662,-7.087,"-0.101",-7.749,391.4,398.5,0.033,0.004,17.07,3.141,1.192,1.005,"2.15889",0.279,205,0,"0.205",0,0,"0.0"
"58616","2018-08-19 23:55:00",1602,13.2,17.67,16.28,81.9,16.99,77.42,-0.91,-0.251,-8.2,-1.277,16.47,289.6,-0.659,-6.919,"0.275",-7.579,390.7,397.7,0.033,0.004,17.06,3.142,1.192,1.005,"2.133478",0.249,0,0,"0.262",265.5,0,"0.0"
